type	sample_id	case.case_id	comment	crdc_id	date_of_sample_collection	general_sample_pathology	length_of_tumor	molecular_subtype	necropsy_sample	percentage_tumor	physical_sample_type	sample_chronology	sample_preservation	sample_site	specific_sample_pathology	summarized_sample_type	tumor_grade	tumor_sample_origin	visit.visit_record_id	volume_of_tumor	width_of_tumor
sample	PRECINCT02-01-T-DOXRV-N	PRECINCT02-01-T-DOXRV	WGS data from canine DLBCL clinical trial PRECINCT02; Arm 4 (DOXRV); matched normal; ENA accession SAMEA117553177	3adb26c9-7a86-43b0-965f-c17b1a1f2c59	11/21/2019	Normal			No	Not Applicable	Blood	Before Treatment	Snap Frozen	Blood	Not Applicable	Whole Blood	Not Applicable	Not Applicable	PRECINCT02-01-T-DOXRV-2019-11-21		
sample	PRECINCT02-01-T-DOXRV-T	PRECINCT02-01-T-DOXRV	WGS data from canine DLBCL clinical trial PRECINCT02; Arm 4 (DOXRV); ENA accession SAMEA117553128	51df65ba-2c98-43a6-a84d-795bd0104c67	11/21/2019	Malignant			No	Not Determined	Tissue	Before Treatment	Snap Frozen	Lymph Node	B Cell Lymphoma	Primary Malignant Tumor Tissue	High	Primary	PRECINCT02-01-T-DOXRV-2019-11-21		
sample	PRECINCT02-01-T-DOXTAK-T	PRECINCT02-01-T-DOXTAK	WGS data from canine DLBCL clinical trial PRECINCT02; Arm 6 (DOXTAK); ENA accession SAMEA117553147	d2b85346-9aec-42fe-854e-8be6656ea5bb	11/2/2020	Malignant			No	Not Determined	Tissue	Before Treatment	Snap Frozen	Lymph Node	B Cell Lymphoma	Primary Malignant Tumor Tissue	High	Primary	PRECINCT02-01-T-DOXTAK-2020-11-02		
sample	PRECINCT02-01-T-KPT9274-N	PRECINCT02-01-T-KPT9274	WGS data from canine DLBCL clinical trial PRECINCT02; Arm 2 (KPT9274); matched normal; ENA accession SAMEA117553163	9ac4217a-df5c-4539-a383-eb41d13ddb3a	4/4/2019	Normal			No	Not Applicable	Blood	Before Treatment	Snap Frozen	Blood	Not Applicable	Whole Blood	Not Applicable	Not Applicable	PRECINCT02-01-T-KPT9274-2019-04-04		
sample	PRECINCT02-01-T-KPT9274-T	PRECINCT02-01-T-KPT9274	WGS data from canine DLBCL clinical trial PRECINCT02; Arm 2 (KPT9274); ENA accession SAMEA117553114	49d40e79-0729-431f-b9bd-6c4e13429aed	4/4/2019	Malignant			No	Not Determined	Tissue	Before Treatment	Snap Frozen	Lymph Node	B Cell Lymphoma	Primary Malignant Tumor Tissue	High	Primary	PRECINCT02-01-T-KPT9274-2019-04-04		
sample	PRECINCT02-01-T-RV1001-N	PRECINCT02-01-T-RV1001	WGS data from canine DLBCL clinical trial PRECINCT02; Arm 1 (RV1001); matched normal; ENA accession SAMEA117553158	1ff97307-1b7e-483c-95fc-76fbb3b7b0dc	12/18/2018	Normal			No	Not Applicable	Blood	Before Treatment	Snap Frozen	Blood	Not Applicable	Whole Blood	Not Applicable	Not Applicable	PRECINCT02-01-T-RV1001-2018-12-18		
sample	PRECINCT02-01-T-RV1001-T	PRECINCT02-01-T-RV1001	WGS data from canine DLBCL clinical trial PRECINCT02; Arm 1 (RV1001); ENA accession SAMEA117553109	89014f9a-3b31-4be3-b057-ff4ed64852c8	12/18/2018	Malignant			No	Not Determined	Tissue	Before Treatment	Snap Frozen	Lymph Node	B Cell Lymphoma	Primary Malignant Tumor Tissue	High	Primary	PRECINCT02-01-T-RV1001-2018-12-18		
sample	PRECINCT02-01-T-RVKPT-N	PRECINCT02-01-T-RVKPT	WGS data from canine DLBCL clinical trial PRECINCT02; Arm 5 (RVKPT); matched normal; ENA accession SAMEA117553183	33867351-4e6d-4f84-9e7e-00fbbdda8ace	5/18/2020	Normal			No	Not Applicable	Blood	Before Treatment	Snap Frozen	Blood	Not Applicable	Whole Blood	Not Applicable	Not Applicable	PRECINCT02-01-T-RVKPT-2020-05-18		
sample	PRECINCT02-01-T-RVKPT-T	PRECINCT02-01-T-RVKPT	WGS data from canine DLBCL clinical trial PRECINCT02; Arm 5 (RVKPT); ENA accession SAMEA117553134	0f1bf302-46af-49d6-8961-f1df8b3a6e04	5/18/2020	Malignant			No	Not Determined	Tissue	Before Treatment	Snap Frozen	Lymph Node	B Cell Lymphoma	Primary Malignant Tumor Tissue	High	Primary	PRECINCT02-01-T-RVKPT-2020-05-18		
sample	PRECINCT02-01-T-TAK981-N	PRECINCT02-01-T-TAK981	WGS data from canine DLBCL clinical trial PRECINCT02; Arm 3 (TAK981); matched normal; ENA accession SAMEA117553170	f0895d7c-14c8-4c73-bbad-8efa36db44a9	8/19/2019	Normal			No	Not Applicable	Blood	Before Treatment	Snap Frozen	Blood	Not Applicable	Whole Blood	Not Applicable	Not Applicable	PRECINCT02-01-T-TAK981-2019-08-19		
sample	PRECINCT02-01-T-TAK981-T	PRECINCT02-01-T-TAK981	WGS data from canine DLBCL clinical trial PRECINCT02; Arm 3 (TAK981); ENA accession SAMEA117553121	ea6eb529-d426-4666-b0e4-978c8debe7f1	8/19/2019	Malignant			No	Not Determined	Tissue	Before Treatment	Snap Frozen	Lymph Node	B Cell Lymphoma	Primary Malignant Tumor Tissue	High	Primary	PRECINCT02-01-T-TAK981-2019-08-19		
sample	PRECINCT02-02-T-DOXRV-N	PRECINCT02-02-T-DOXRV	WGS data from canine DLBCL clinical trial PRECINCT02; Arm 4 (DOXRV); matched normal; ENA accession SAMEA117553178	eb261acf-260d-467a-a6f0-acb3cf4ef4cd	11/22/2019	Normal			No	Not Applicable	Blood	Before Treatment	Snap Frozen	Blood	Not Applicable	Whole Blood	Not Applicable	Not Applicable	PRECINCT02-02-T-DOXRV-2019-11-22		
sample	PRECINCT02-02-T-DOXRV-T	PRECINCT02-02-T-DOXRV	WGS data from canine DLBCL clinical trial PRECINCT02; Arm 4 (DOXRV); ENA accession SAMEA117553129	d1cfff1f-0f45-4967-a691-04620173b46c	11/22/2019	Malignant			No	Not Determined	Tissue	Before Treatment	Snap Frozen	Lymph Node	B Cell Lymphoma	Primary Malignant Tumor Tissue	High	Primary	PRECINCT02-02-T-DOXRV-2019-11-22		
sample	PRECINCT02-02-T-DOXTAK-N	PRECINCT02-02-T-DOXTAK	WGS data from canine DLBCL clinical trial PRECINCT02; Arm 6 (DOXTAK); matched normal; ENA accession SAMEA117553197	46c5864b-43f8-4f6b-a0bc-c9ccd50aba5c	2/18/2021	Normal			No	Not Applicable	Blood	Before Treatment	Snap Frozen	Blood	Not Applicable	Whole Blood	Not Applicable	Not Applicable	PRECINCT02-02-T-DOXTAK-2021-02-18		
sample	PRECINCT02-02-T-DOXTAK-T	PRECINCT02-02-T-DOXTAK	WGS data from canine DLBCL clinical trial PRECINCT02; Arm 6 (DOXTAK); ENA accession SAMEA117553148	4978e216-6cb6-463c-8e66-2ff5ef5e2f3c	2/18/2021	Malignant			No	Not Determined	Tissue	Before Treatment	Snap Frozen	Lymph Node	B Cell Lymphoma	Primary Malignant Tumor Tissue	High	Primary	PRECINCT02-02-T-DOXTAK-2021-02-18		
sample	PRECINCT02-02-T-KPT9274-N	PRECINCT02-02-T-KPT9274	WGS data from canine DLBCL clinical trial PRECINCT02; Arm 2 (KPT9274); matched normal; ENA accession SAMEA117553164	b0e2134c-a01e-4774-85bd-06807892ce63	6/14/2019	Normal			No	Not Applicable	Blood	Before Treatment	Snap Frozen	Blood	Not Applicable	Whole Blood	Not Applicable	Not Applicable	PRECINCT02-02-T-KPT9274-2019-06-14		
sample	PRECINCT02-02-T-KPT9274-T	PRECINCT02-02-T-KPT9274	WGS data from canine DLBCL clinical trial PRECINCT02; Arm 2 (KPT9274); ENA accession SAMEA117553115	752cd62a-7983-4a36-949f-aaf6758aac3b	6/14/2019	Malignant			No	Not Determined	Tissue	Before Treatment	Snap Frozen	Lymph Node	B Cell Lymphoma	Primary Malignant Tumor Tissue	High	Primary	PRECINCT02-02-T-KPT9274-2019-06-14		
sample	PRECINCT02-02-T-RV1001-N	PRECINCT02-02-T-RV1001	WGS data from canine DLBCL clinical trial PRECINCT02; Arm 1 (RV1001); matched normal; ENA accession SAMEA117553159	93bc6788-6086-4084-8a5e-5193c3c35916	12/19/2018	Normal			No	Not Applicable	Blood	Before Treatment	Snap Frozen	Blood	Not Applicable	Whole Blood	Not Applicable	Not Applicable	PRECINCT02-02-T-RV1001-2018-12-19		
sample	PRECINCT02-02-T-RV1001-T	PRECINCT02-02-T-RV1001	WGS data from canine DLBCL clinical trial PRECINCT02; Arm 1 (RV1001); ENA accession SAMEA117553110	acb74ee0-e625-4752-8b05-ae7b0215be63	12/19/2018	Malignant			No	Not Determined	Tissue	Before Treatment	Snap Frozen	Lymph Node	B Cell Lymphoma	Primary Malignant Tumor Tissue	High	Primary	PRECINCT02-02-T-RV1001-2018-12-19		
sample	PRECINCT02-02-T-RVKPT-N	PRECINCT02-02-T-RVKPT	WGS data from canine DLBCL clinical trial PRECINCT02; Arm 5 (RVKPT); matched normal; ENA accession SAMEA117553184	414f601e-a90c-4275-bb1d-33a6e47ede75	6/12/2020	Normal			No	Not Applicable	Blood	Before Treatment	Snap Frozen	Blood	Not Applicable	Whole Blood	Not Applicable	Not Applicable	PRECINCT02-02-T-RVKPT-2020-06-12		
sample	PRECINCT02-02-T-RVKPT-T	PRECINCT02-02-T-RVKPT	WGS data from canine DLBCL clinical trial PRECINCT02; Arm 5 (RVKPT); ENA accession SAMEA117553135	592fe3b7-3c76-4e2d-aec2-3ed0367fe200	6/12/2020	Malignant			No	Not Determined	Tissue	Before Treatment	Snap Frozen	Lymph Node	B Cell Lymphoma	Primary Malignant Tumor Tissue	High	Primary	PRECINCT02-02-T-RVKPT-2020-06-12		
sample	PRECINCT02-02-T-TAK981-N	PRECINCT02-02-T-TAK981	WGS data from canine DLBCL clinical trial PRECINCT02; Arm 3 (TAK981); matched normal; ENA accession SAMEA117553171	cac70295-4196-44c3-81bc-8a7e322dbccf	8/20/2019	Normal			No	Not Applicable	Blood	Before Treatment	Snap Frozen	Blood	Not Applicable	Whole Blood	Not Applicable	Not Applicable	PRECINCT02-02-T-TAK981-2019-08-20		
sample	PRECINCT02-02-T-TAK981-T	PRECINCT02-02-T-TAK981	WGS data from canine DLBCL clinical trial PRECINCT02; Arm 3 (TAK981); ENA accession SAMEA117553122	47eaad35-1268-4001-b802-8847bc8fe3be	8/20/2019	Malignant			No	Not Determined	Tissue	Before Treatment	Snap Frozen	Lymph Node	B Cell Lymphoma	Primary Malignant Tumor Tissue	High	Primary	PRECINCT02-02-T-TAK981-2019-08-20		
sample	PRECINCT02-03-T-DOXRV-N	PRECINCT02-03-T-DOXRV	WGS data from canine DLBCL clinical trial PRECINCT02; Arm 4 (DOXRV); matched normal; ENA accession SAMEA117553179	a1cdb004-55c7-41d3-9480-23a6674c2cd8	11/25/2019	Normal			No	Not Applicable	Blood	Before Treatment	Snap Frozen	Blood	Not Applicable	Whole Blood	Not Applicable	Not Applicable	PRECINCT02-03-T-DOXRV-2019-11-25		
sample	PRECINCT02-03-T-DOXRV-T	PRECINCT02-03-T-DOXRV	WGS data from canine DLBCL clinical trial PRECINCT02; Arm 4 (DOXRV); ENA accession SAMEA117553130	c124620f-6ed2-4654-94a8-3c9ddfd0812a	11/25/2019	Malignant			No	Not Determined	Tissue	Before Treatment	Snap Frozen	Lymph Node	B Cell Lymphoma	Primary Malignant Tumor Tissue	High	Primary	PRECINCT02-03-T-DOXRV-2019-11-25		
sample	PRECINCT02-03-T-DOXTAK-N	PRECINCT02-03-T-DOXTAK	WGS data from canine DLBCL clinical trial PRECINCT02; Arm 6 (DOXTAK); matched normal; ENA accession SAMEA117553198	a57bbd38-52ad-49dc-8728-37b2c51152de	3/5/2021	Normal			No	Not Applicable	Blood	Before Treatment	Snap Frozen	Blood	Not Applicable	Whole Blood	Not Applicable	Not Applicable	PRECINCT02-03-T-DOXTAK-2021-03-05		
sample	PRECINCT02-03-T-DOXTAK-T	PRECINCT02-03-T-DOXTAK	WGS data from canine DLBCL clinical trial PRECINCT02; Arm 6 (DOXTAK); ENA accession SAMEA117553149	03c8d722-3794-484d-a8d4-c80483b346bd	3/5/2021	Malignant			No	Not Determined	Tissue	Before Treatment	Snap Frozen	Lymph Node	B Cell Lymphoma	Primary Malignant Tumor Tissue	High	Primary	PRECINCT02-03-T-DOXTAK-2021-03-05		
sample	PRECINCT02-03-T-KPT9274-N	PRECINCT02-03-T-KPT9274	WGS data from canine DLBCL clinical trial PRECINCT02; Arm 2 (KPT9274); matched normal; ENA accession SAMEA117553165	8aae54ed-cc3e-4697-b2ab-5b1ac0b086d2	6/28/2019	Normal			No	Not Applicable	Blood	Before Treatment	Snap Frozen	Blood	Not Applicable	Whole Blood	Not Applicable	Not Applicable	PRECINCT02-03-T-KPT9274-2019-06-28		
sample	PRECINCT02-03-T-KPT9274-T	PRECINCT02-03-T-KPT9274	WGS data from canine DLBCL clinical trial PRECINCT02; Arm 2 (KPT9274); ENA accession SAMEA117553116	34c92146-d5d1-4e66-9b83-08997c26c346	6/28/2019	Malignant			No	Not Determined	Tissue	Before Treatment	Snap Frozen	Lymph Node	B Cell Lymphoma	Primary Malignant Tumor Tissue	High	Primary	PRECINCT02-03-T-KPT9274-2019-06-28		
sample	PRECINCT02-03-T-RV1001-N	PRECINCT02-03-T-RV1001	WGS data from canine DLBCL clinical trial PRECINCT02; Arm 1 (RV1001); matched normal; ENA accession SAMEA117553160	fac1be77-b088-46a6-92e2-5ac36eda93bf	1/16/2019	Normal			No	Not Applicable	Blood	Before Treatment	Snap Frozen	Blood	Not Applicable	Whole Blood	Not Applicable	Not Applicable	PRECINCT02-03-T-RV1001-2019-01-16		
sample	PRECINCT02-03-T-RV1001-T	PRECINCT02-03-T-RV1001	WGS data from canine DLBCL clinical trial PRECINCT02; Arm 1 (RV1001); ENA accession SAMEA117553111	54bf0c75-4d09-4746-b572-2fb6be9a1a02	1/16/2019	Malignant			No	Not Determined	Tissue	Before Treatment	Snap Frozen	Lymph Node	B Cell Lymphoma	Primary Malignant Tumor Tissue	High	Primary	PRECINCT02-03-T-RV1001-2019-01-16		
sample	PRECINCT02-03-T-RVKPT-N	PRECINCT02-03-T-RVKPT	WGS data from canine DLBCL clinical trial PRECINCT02; Arm 5 (RVKPT); matched normal; ENA accession SAMEA117553185	f3b1eccd-f743-4759-9c91-6853e5458e91	7/17/2020	Normal			No	Not Applicable	Blood	Before Treatment	Snap Frozen	Blood	Not Applicable	Whole Blood	Not Applicable	Not Applicable	PRECINCT02-03-T-RVKPT-2020-07-17		
sample	PRECINCT02-03-T-RVKPT-T	PRECINCT02-03-T-RVKPT	WGS data from canine DLBCL clinical trial PRECINCT02; Arm 5 (RVKPT); ENA accession SAMEA117553136	09994e5b-7788-482b-b272-fe19b3d996cb	7/17/2020	Malignant			No	Not Determined	Tissue	Before Treatment	Snap Frozen	Lymph Node	B Cell Lymphoma	Primary Malignant Tumor Tissue	High	Primary	PRECINCT02-03-T-RVKPT-2020-07-17		
sample	PRECINCT02-03-T-TAK981-N	PRECINCT02-03-T-TAK981	WGS data from canine DLBCL clinical trial PRECINCT02; Arm 3 (TAK981); matched normal; ENA accession SAMEA117553172	b86af4f7-4d60-4a99-a762-4e72c58a99c2	9/5/2019	Normal			No	Not Applicable	Blood	Before Treatment	Snap Frozen	Blood	Not Applicable	Whole Blood	Not Applicable	Not Applicable	PRECINCT02-03-T-TAK981-2019-09-05		
sample	PRECINCT02-03-T-TAK981-T	PRECINCT02-03-T-TAK981	WGS data from canine DLBCL clinical trial PRECINCT02; Arm 3 (TAK981); ENA accession SAMEA117553123	d689dbda-732d-44ed-8184-6930e4ad303c	9/5/2019	Malignant			No	Not Determined	Tissue	Before Treatment	Snap Frozen	Lymph Node	B Cell Lymphoma	Primary Malignant Tumor Tissue	High	Primary	PRECINCT02-03-T-TAK981-2019-09-05		
sample	PRECINCT02-04-T-DOXRV-N	PRECINCT02-04-T-DOXRV	WGS data from canine DLBCL clinical trial PRECINCT02; Arm 4 (DOXRV); matched normal; ENA accession SAMEA117553180	a80f441a-ca4a-464a-95d5-a7510364b6f4	11/26/2019	Normal			No	Not Applicable	Blood	Before Treatment	Snap Frozen	Blood	Not Applicable	Whole Blood	Not Applicable	Not Applicable	PRECINCT02-04-T-DOXRV-2019-11-26		
sample	PRECINCT02-04-T-DOXRV-T	PRECINCT02-04-T-DOXRV	WGS data from canine DLBCL clinical trial PRECINCT02; Arm 4 (DOXRV); ENA accession SAMEA117553131	3ce7edab-38ed-4237-8b3a-b97bcde9b131	11/26/2019	Malignant			No	Not Determined	Tissue	Before Treatment	Snap Frozen	Lymph Node	B Cell Lymphoma	Primary Malignant Tumor Tissue	High	Primary	PRECINCT02-04-T-DOXRV-2019-11-26		
sample	PRECINCT02-04-T-DOXTAK-N	PRECINCT02-04-T-DOXTAK	WGS data from canine DLBCL clinical trial PRECINCT02; Arm 6 (DOXTAK); matched normal; ENA accession SAMEA117553199	6883e2d4-1b39-4b86-a523-eb69a262d176	3/10/2021	Normal			No	Not Applicable	Blood	Before Treatment	Snap Frozen	Blood	Not Applicable	Whole Blood	Not Applicable	Not Applicable	PRECINCT02-04-T-DOXTAK-2021-03-10		
sample	PRECINCT02-04-T-DOXTAK-T	PRECINCT02-04-T-DOXTAK	WGS data from canine DLBCL clinical trial PRECINCT02; Arm 6 (DOXTAK); ENA accession SAMEA117553150	dd0d22d4-b743-483f-ae8e-d124bd06462f	3/10/2021	Malignant			No	Not Determined	Tissue	Before Treatment	Snap Frozen	Lymph Node	B Cell Lymphoma	Primary Malignant Tumor Tissue	High	Primary	PRECINCT02-04-T-DOXTAK-2021-03-10		
sample	PRECINCT02-04-T-KPT9274-N	PRECINCT02-04-T-KPT9274	WGS data from canine DLBCL clinical trial PRECINCT02; Arm 2 (KPT9274); matched normal; ENA accession SAMEA117553166	a42f7db2-f453-4c71-976b-9cacf531098b	7/25/2019	Normal			No	Not Applicable	Blood	Before Treatment	Snap Frozen	Blood	Not Applicable	Whole Blood	Not Applicable	Not Applicable	PRECINCT02-04-T-KPT9274-2019-07-25		
sample	PRECINCT02-04-T-KPT9274-T	PRECINCT02-04-T-KPT9274	WGS data from canine DLBCL clinical trial PRECINCT02; Arm 2 (KPT9274); ENA accession SAMEA117553117	423559bd-fac3-4186-b3e8-f04dadcd2fae	7/25/2019	Malignant			No	Not Determined	Tissue	Before Treatment	Snap Frozen	Lymph Node	B Cell Lymphoma	Primary Malignant Tumor Tissue	High	Primary	PRECINCT02-04-T-KPT9274-2019-07-25		
sample	PRECINCT02-04-T-RV1001-N	PRECINCT02-04-T-RV1001	WGS data from canine DLBCL clinical trial PRECINCT02; Arm 1 (RV1001); matched normal; ENA accession SAMEA117553161	afef1585-cf63-4288-aa0f-b01ded9ae5da	1/16/2019	Normal			No	Not Applicable	Blood	Before Treatment	Snap Frozen	Blood	Not Applicable	Whole Blood	Not Applicable	Not Applicable	PRECINCT02-04-T-RV1001-2019-01-16		
sample	PRECINCT02-04-T-RV1001-T	PRECINCT02-04-T-RV1001	WGS data from canine DLBCL clinical trial PRECINCT02; Arm 1 (RV1001); ENA accession SAMEA117553112	34281135-b870-411a-9a10-5bfd4aa63ed8	1/16/2019	Malignant			No	Not Determined	Tissue	Before Treatment	Snap Frozen	Lymph Node	B Cell Lymphoma	Primary Malignant Tumor Tissue	High	Primary	PRECINCT02-04-T-RV1001-2019-01-16		
sample	PRECINCT02-04-T-RVKPT-N	PRECINCT02-04-T-RVKPT	WGS data from canine DLBCL clinical trial PRECINCT02; Arm 5 (RVKPT); matched normal; ENA accession SAMEA117553186	bb88d735-f2b6-4628-a3cb-36425f21e7e8	8/7/2020	Normal			No	Not Applicable	Blood	Before Treatment	Snap Frozen	Blood	Not Applicable	Whole Blood	Not Applicable	Not Applicable	PRECINCT02-04-T-RVKPT-2020-08-07		
sample	PRECINCT02-04-T-RVKPT-T	PRECINCT02-04-T-RVKPT	WGS data from canine DLBCL clinical trial PRECINCT02; Arm 5 (RVKPT); ENA accession SAMEA117553137	45441ba2-2d62-4f1f-a1fa-081cb12db197	8/7/2020	Malignant			No	Not Determined	Tissue	Before Treatment	Snap Frozen	Lymph Node	B Cell Lymphoma	Primary Malignant Tumor Tissue	High	Primary	PRECINCT02-04-T-RVKPT-2020-08-07		
sample	PRECINCT02-05-T-DOXRV-N	PRECINCT02-05-T-DOXRV	WGS data from canine DLBCL clinical trial PRECINCT02; Arm 4 (DOXRV); matched normal; ENA accession SAMEA117553181	fb9e0c59-a53d-4dcd-92c9-4080ce968779	12/3/2019	Normal			No	Not Applicable	Blood	Before Treatment	Snap Frozen	Blood	Not Applicable	Whole Blood	Not Applicable	Not Applicable	PRECINCT02-05-T-DOXRV-2019-12-03		
sample	PRECINCT02-05-T-DOXRV-T	PRECINCT02-05-T-DOXRV	WGS data from canine DLBCL clinical trial PRECINCT02; Arm 4 (DOXRV); ENA accession SAMEA117553132	92209342-72c5-4ed0-9c57-7546db9134ae	12/3/2019	Malignant			No	Not Determined	Tissue	Before Treatment	Snap Frozen	Lymph Node	B Cell Lymphoma	Primary Malignant Tumor Tissue	High	Primary	PRECINCT02-05-T-DOXRV-2019-12-03		
sample	PRECINCT02-05-T-DOXTAK-N	PRECINCT02-05-T-DOXTAK	WGS data from canine DLBCL clinical trial PRECINCT02; Arm 6 (DOXTAK); matched normal; ENA accession SAMEA117553200	739bd8a7-848a-4d0b-b4d4-00e5bea715c5	3/23/2021	Normal			No	Not Applicable	Blood	Before Treatment	Snap Frozen	Blood	Not Applicable	Whole Blood	Not Applicable	Not Applicable	PRECINCT02-05-T-DOXTAK-2021-03-23		
sample	PRECINCT02-05-T-DOXTAK-T	PRECINCT02-05-T-DOXTAK	WGS data from canine DLBCL clinical trial PRECINCT02; Arm 6 (DOXTAK); ENA accession SAMEA117553151	59df10f1-0a30-48ad-b11d-1cea54a5bc69	3/23/2021	Malignant			No	Not Determined	Tissue	Before Treatment	Snap Frozen	Lymph Node	B Cell Lymphoma	Primary Malignant Tumor Tissue	High	Primary	PRECINCT02-05-T-DOXTAK-2021-03-23		
sample	PRECINCT02-05-T-KPT9274-N	PRECINCT02-05-T-KPT9274	WGS data from canine DLBCL clinical trial PRECINCT02; Arm 2 (KPT9274); matched normal; ENA accession SAMEA117553167	3db50cbd-baa5-4122-a544-6c94370c5b07	8/9/2019	Normal			No	Not Applicable	Blood	Before Treatment	Snap Frozen	Blood	Not Applicable	Whole Blood	Not Applicable	Not Applicable	PRECINCT02-05-T-KPT9274-2019-08-09		
sample	PRECINCT02-05-T-KPT9274-T	PRECINCT02-05-T-KPT9274	WGS data from canine DLBCL clinical trial PRECINCT02; Arm 2 (KPT9274); ENA accession SAMEA117553118	64abcb4c-2e1c-4f7c-bfed-38665bd8bb6d	8/9/2019	Malignant			No	Not Determined	Tissue	Before Treatment	Snap Frozen	Lymph Node	B Cell Lymphoma	Primary Malignant Tumor Tissue	High	Primary	PRECINCT02-05-T-KPT9274-2019-08-09		
sample	PRECINCT02-05-T-RV1001-N	PRECINCT02-05-T-RV1001	WGS data from canine DLBCL clinical trial PRECINCT02; Arm 1 (RV1001); matched normal; ENA accession SAMEA117553162	2a9341d5-3055-4daf-96d4-f51c76b56396	1/23/2019	Normal			No	Not Applicable	Blood	Before Treatment	Snap Frozen	Blood	Not Applicable	Whole Blood	Not Applicable	Not Applicable	PRECINCT02-05-T-RV1001-2019-01-23		
sample	PRECINCT02-05-T-RV1001-T	PRECINCT02-05-T-RV1001	WGS data from canine DLBCL clinical trial PRECINCT02; Arm 1 (RV1001); ENA accession SAMEA117553113	5b15dee5-e936-4755-b716-8dd22e33e940	1/23/2019	Malignant			No	Not Determined	Tissue	Before Treatment	Snap Frozen	Lymph Node	B Cell Lymphoma	Primary Malignant Tumor Tissue	High	Primary	PRECINCT02-05-T-RV1001-2019-01-23		
sample	PRECINCT02-05-T-RVKPT-N	PRECINCT02-05-T-RVKPT	WGS data from canine DLBCL clinical trial PRECINCT02; Arm 5 (RVKPT); matched normal; ENA accession SAMEA117553187	3cf6bb88-588c-47fd-9aab-9551cefea441	8/18/2020	Normal			No	Not Applicable	Blood	Before Treatment	Snap Frozen	Blood	Not Applicable	Whole Blood	Not Applicable	Not Applicable			
sample	PRECINCT02-05-T-RVKPT-T	PRECINCT02-05-T-RVKPT	WGS data from canine DLBCL clinical trial PRECINCT02; Arm 5 (RVKPT); ENA accession SAMEA117553138	927e16db-2177-43f6-9452-5d3f79527640	8/18/2020	Malignant			No	Not Determined	Tissue	Before Treatment	Snap Frozen	Lymph Node	B Cell Lymphoma	Primary Malignant Tumor Tissue	High	Primary			
sample	PRECINCT02-05-T-TAK981-N	PRECINCT02-05-T-TAK981	WGS data from canine DLBCL clinical trial PRECINCT02; Arm 3 (TAK981); matched normal; ENA accession SAMEA117553173	c65c6c67-9ddb-4915-a4e1-e06b7e144418	9/20/2019	Normal			No	Not Applicable	Blood	Before Treatment	Snap Frozen	Blood	Not Applicable	Whole Blood	Not Applicable	Not Applicable	PRECINCT02-05-T-TAK981-2019-09-20		
sample	PRECINCT02-05-T-TAK981-T	PRECINCT02-05-T-TAK981	WGS data from canine DLBCL clinical trial PRECINCT02; Arm 3 (TAK981); ENA accession SAMEA117553124	46ddcb96-2f9d-48ea-972a-85954ceb5497	9/20/2019	Malignant			No	Not Determined	Tissue	Before Treatment	Snap Frozen	Lymph Node	B Cell Lymphoma	Primary Malignant Tumor Tissue	High	Primary	PRECINCT02-05-T-TAK981-2019-09-20		
sample	PRECINCT02-06-T-DOXRV-N	PRECINCT02-06-T-DOXRV	WGS data from canine DLBCL clinical trial PRECINCT02; Arm 4 (DOXRV); matched normal; ENA accession SAMEA117553182	4c026768-1edc-4a00-8a82-9188bf813953	2/20/2020	Normal			No	Not Applicable	Blood	Before Treatment	Snap Frozen	Blood	Not Applicable	Whole Blood	Not Applicable	Not Applicable	PRECINCT02-06-T-DOXRV-2020-02-20		
sample	PRECINCT02-06-T-DOXRV-T	PRECINCT02-06-T-DOXRV	WGS data from canine DLBCL clinical trial PRECINCT02; Arm 4 (DOXRV); ENA accession SAMEA117553133	7865d1a7-42aa-4853-abff-abbfd289a7b6	2/20/2020	Malignant			No	Not Determined	Tissue	Before Treatment	Snap Frozen	Lymph Node	B Cell Lymphoma	Primary Malignant Tumor Tissue	High	Primary	PRECINCT02-06-T-DOXRV-2020-02-20		
sample	PRECINCT02-06-T-DOXTAK-N	PRECINCT02-06-T-DOXTAK	WGS data from canine DLBCL clinical trial PRECINCT02; Arm 6 (DOXTAK); matched normal; ENA accession SAMEA117553201	5463e361-3083-4b31-90ca-197732d586a1	3/23/2021	Normal			No	Not Applicable	Blood	Before Treatment	Snap Frozen	Blood	Not Applicable	Whole Blood	Not Applicable	Not Applicable	PRECINCT02-06-T-DOXTAK-2021-03-23		
sample	PRECINCT02-06-T-DOXTAK-T	PRECINCT02-06-T-DOXTAK	WGS data from canine DLBCL clinical trial PRECINCT02; Arm 6 (DOXTAK); ENA accession SAMEA117553152	57b0d408-3f17-4097-b8ed-35b9bf55a01e	3/23/2021	Malignant			No	Not Determined	Tissue	Before Treatment	Snap Frozen	Lymph Node	B Cell Lymphoma	Primary Malignant Tumor Tissue	High	Primary	PRECINCT02-06-T-DOXTAK-2021-03-23		
sample	PRECINCT02-06-T-KPT9274-N	PRECINCT02-06-T-KPT9274	WGS data from canine DLBCL clinical trial PRECINCT02; Arm 2 (KPT9274); matched normal; ENA accession SAMEA117553168	dbf4a8d1-e84f-4827-8f8b-3325e47784f4	9/26/2019	Normal			No	Not Applicable	Blood	Before Treatment	Snap Frozen	Blood	Not Applicable	Whole Blood	Not Applicable	Not Applicable	PRECINCT02-06-T-KPT9274-2019-09-26		
sample	PRECINCT02-06-T-KPT9274-T	PRECINCT02-06-T-KPT9274	WGS data from canine DLBCL clinical trial PRECINCT02; Arm 2 (KPT9274); ENA accession SAMEA117553119	95e49e73-8b09-4df7-a0a3-024f32498db5	9/26/2019	Malignant			No	Not Determined	Tissue	Before Treatment	Snap Frozen	Lymph Node	B Cell Lymphoma	Primary Malignant Tumor Tissue	High	Primary	PRECINCT02-06-T-KPT9274-2019-09-26		
sample	PRECINCT02-06-T-RVKPT-N	PRECINCT02-06-T-RVKPT	WGS data from canine DLBCL clinical trial PRECINCT02; Arm 5 (RVKPT); matched normal; ENA accession SAMEA117553188	ec18b530-7b64-4e63-9793-248d0f95b73a	8/19/2020	Normal			No	Not Applicable	Blood	Before Treatment	Snap Frozen	Blood	Not Applicable	Whole Blood	Not Applicable	Not Applicable	PRECINCT02-06-T-RVKPT-2020-08-19		
sample	PRECINCT02-06-T-RVKPT-T	PRECINCT02-06-T-RVKPT	WGS data from canine DLBCL clinical trial PRECINCT02; Arm 5 (RVKPT); ENA accession SAMEA117553139	09842b83-0c9a-4197-808e-c4d958868bd3	8/19/2020	Malignant			No	Not Determined	Tissue	Before Treatment	Snap Frozen	Lymph Node	B Cell Lymphoma	Primary Malignant Tumor Tissue	High	Primary	PRECINCT02-06-T-RVKPT-2020-08-19		
sample	PRECINCT02-07-T-DOXTAK-N	PRECINCT02-07-T-DOXTAK	WGS data from canine DLBCL clinical trial PRECINCT02; Arm 6 (DOXTAK); matched normal; ENA accession SAMEA117553202	7a498fcc-efb8-42ee-a97a-f8621b04a95e	4/13/2021	Normal			No	Not Applicable	Blood	Before Treatment	Snap Frozen	Blood	Not Applicable	Whole Blood	Not Applicable	Not Applicable	PRECINCT02-07-T-DOXTAK-2021-04-13		
sample	PRECINCT02-07-T-DOXTAK-T	PRECINCT02-07-T-DOXTAK	WGS data from canine DLBCL clinical trial PRECINCT02; Arm 6 (DOXTAK); ENA accession SAMEA117553153	01779aad-b163-44ec-a0b0-20d27ba071f6	4/13/2021	Malignant			No	Not Determined	Tissue	Before Treatment	Snap Frozen	Lymph Node	B Cell Lymphoma	Primary Malignant Tumor Tissue	High	Primary	PRECINCT02-07-T-DOXTAK-2021-04-13		
sample	PRECINCT02-07-T-KPT9274-N	PRECINCT02-07-T-KPT9274	WGS data from canine DLBCL clinical trial PRECINCT02; Arm 2 (KPT9274); matched normal; ENA accession SAMEA117553169	cf44aaf0-ed8f-469e-a5d0-deaf1f51379b	10/15/2019	Normal			No	Not Applicable	Blood	Before Treatment	Snap Frozen	Blood	Not Applicable	Whole Blood	Not Applicable	Not Applicable	PRECINCT02-07-T-KPT9274-2019-10-15		
sample	PRECINCT02-07-T-KPT9274-T	PRECINCT02-07-T-KPT9274	WGS data from canine DLBCL clinical trial PRECINCT02; Arm 2 (KPT9274); ENA accession SAMEA117553120	1902af94-738c-4f8f-a2f9-d1dc189b5a7b	10/15/2019	Malignant			No	Not Determined	Tissue	Before Treatment	Snap Frozen	Lymph Node	B Cell Lymphoma	Primary Malignant Tumor Tissue	High	Primary	PRECINCT02-07-T-KPT9274-2019-10-15		
sample	PRECINCT02-07-T-RVKPT-N	PRECINCT02-07-T-RVKPT	WGS data from canine DLBCL clinical trial PRECINCT02; Arm 5 (RVKPT); matched normal; ENA accession SAMEA117553189	e8de6eb2-6462-4568-b784-3d12c2a5c096	9/23/2020	Normal			No	Not Applicable	Blood	Before Treatment	Snap Frozen	Blood	Not Applicable	Whole Blood	Not Applicable	Not Applicable	PRECINCT02-07-T-RVKPT-2020-09-23		
sample	PRECINCT02-07-T-RVKPT-T	PRECINCT02-07-T-RVKPT	WGS data from canine DLBCL clinical trial PRECINCT02; Arm 5 (RVKPT); ENA accession SAMEA117553140	8285c00c-102e-410c-8172-bf4d42ed3e93	9/23/2020	Malignant			No	Not Determined	Tissue	Before Treatment	Snap Frozen	Lymph Node	B Cell Lymphoma	Primary Malignant Tumor Tissue	High	Primary	PRECINCT02-07-T-RVKPT-2020-09-23		
sample	PRECINCT02-07-T-TAK981-N	PRECINCT02-07-T-TAK981	WGS data from canine DLBCL clinical trial PRECINCT02; Arm 3 (TAK981); matched normal; ENA accession SAMEA117553174	732ab115-84dd-4f28-a9eb-3c40c61c2cd4	10/25/2019	Normal			No	Not Applicable	Blood	Before Treatment	Snap Frozen	Blood	Not Applicable	Whole Blood	Not Applicable	Not Applicable	PRECINCT02-07-T-TAK981-2019-10-25		
sample	PRECINCT02-07-T-TAK981-T	PRECINCT02-07-T-TAK981	WGS data from canine DLBCL clinical trial PRECINCT02; Arm 3 (TAK981); ENA accession SAMEA117553125	5fb1acee-dc20-45d9-bf54-63d5c5f26fb4	10/25/2019	Malignant			No	Not Determined	Tissue	Before Treatment	Snap Frozen	Lymph Node	B Cell Lymphoma	Primary Malignant Tumor Tissue	High	Primary	PRECINCT02-07-T-TAK981-2019-10-25		
sample	PRECINCT02-08-T-DOXTAK-N	PRECINCT02-08-T-DOXTAK	WGS data from canine DLBCL clinical trial PRECINCT02; Arm 6 (DOXTAK); matched normal; ENA accession SAMEA117553203	eb9c13bf-44dd-4b7e-8f13-82d97ea53201	4/26/2021	Normal			No	Not Applicable	Blood	Before Treatment	Snap Frozen	Blood	Not Applicable	Whole Blood	Not Applicable	Not Applicable	PRECINCT02-08-T-DOXTAK-2021-04-26		
sample	PRECINCT02-08-T-DOXTAK-T	PRECINCT02-08-T-DOXTAK	WGS data from canine DLBCL clinical trial PRECINCT02; Arm 6 (DOXTAK); ENA accession SAMEA117553154	9a23f138-6086-46f5-9a3f-7017d83196ca	4/26/2021	Malignant			No	Not Determined	Tissue	Before Treatment	Snap Frozen	Lymph Node	B Cell Lymphoma	Primary Malignant Tumor Tissue	High	Primary	PRECINCT02-08-T-DOXTAK-2021-04-26		
sample	PRECINCT02-08-T-RVKPT-N	PRECINCT02-08-T-RVKPT	WGS data from canine DLBCL clinical trial PRECINCT02; Arm 5 (RVKPT); matched normal; ENA accession SAMEA117553190	6311ddc8-4ff8-4f01-9a67-c6320e498441	9/14/2020	Normal			No	Not Applicable	Blood	Before Treatment	Snap Frozen	Blood	Not Applicable	Whole Blood	Not Applicable	Not Applicable	PRECINCT02-08-T-RVKPT-2020-09-14		
sample	PRECINCT02-08-T-RVKPT-T	PRECINCT02-08-T-RVKPT	WGS data from canine DLBCL clinical trial PRECINCT02; Arm 5 (RVKPT); ENA accession SAMEA117553141	a9218760-b773-4c95-b396-29eeece196bf	9/14/2020	Malignant			No	Not Determined	Tissue	Before Treatment	Snap Frozen	Lymph Node	B Cell Lymphoma	Primary Malignant Tumor Tissue	High	Primary	PRECINCT02-08-T-RVKPT-2020-09-14		
sample	PRECINCT02-09-T-DOXTAK-N	PRECINCT02-09-T-DOXTAK	WGS data from canine DLBCL clinical trial PRECINCT02; Arm 6 (DOXTAK); matched normal; ENA accession SAMEA117553204	bb72e300-3313-490c-888d-32babddfe385	5/3/2021	Normal			No	Not Applicable	Blood	Before Treatment	Snap Frozen	Blood	Not Applicable	Whole Blood	Not Applicable	Not Applicable	PRECINCT02-09-T-DOXTAK-2021-05-03		
sample	PRECINCT02-09-T-DOXTAK-T	PRECINCT02-09-T-DOXTAK	WGS data from canine DLBCL clinical trial PRECINCT02; Arm 6 (DOXTAK); ENA accession SAMEA117553155	6f852793-df85-4149-b6f3-53937b24979a	5/3/2021	Malignant			No	Not Determined	Tissue	Before Treatment	Snap Frozen	Lymph Node	B Cell Lymphoma	Primary Malignant Tumor Tissue	High	Primary	PRECINCT02-09-T-DOXTAK-2021-05-03		
sample	PRECINCT02-09-T-RVKPT-N	PRECINCT02-09-T-RVKPT	WGS data from canine DLBCL clinical trial PRECINCT02; Arm 5 (RVKPT); matched normal; ENA accession SAMEA117553191	397a6b4f-4e07-4116-a9b9-154cd33147f7	10/14/2020	Normal			No	Not Applicable	Blood	Before Treatment	Snap Frozen	Blood	Not Applicable	Whole Blood	Not Applicable	Not Applicable	PRECINCT02-09-T-RVKPT-2020-10-14		
sample	PRECINCT02-09-T-RVKPT-T	PRECINCT02-09-T-RVKPT	WGS data from canine DLBCL clinical trial PRECINCT02; Arm 5 (RVKPT); ENA accession SAMEA117553142	043de4e7-4f6b-4af0-ab37-ed361134a15f	10/14/2020	Malignant			No	Not Determined	Tissue	Before Treatment	Snap Frozen	Lymph Node	B Cell Lymphoma	Primary Malignant Tumor Tissue	High	Primary	PRECINCT02-09-T-RVKPT-2020-10-14		
sample	PRECINCT02-10-T-DOXTAK-N	PRECINCT02-10-T-DOXTAK	WGS data from canine DLBCL clinical trial PRECINCT02; Arm 6 (DOXTAK); matched normal; ENA accession SAMEA117553205	57b8ef62-41ac-4118-bd27-f790de413557	5/13/2021	Normal			No	Not Applicable	Blood	Before Treatment	Snap Frozen	Blood	Not Applicable	Whole Blood	Not Applicable	Not Applicable	PRECINCT02-10-T-DOXTAK-2021-05-13		
sample	PRECINCT02-10-T-DOXTAK-T	PRECINCT02-10-T-DOXTAK	WGS data from canine DLBCL clinical trial PRECINCT02; Arm 6 (DOXTAK); ENA accession SAMEA117553156	cc5a14ee-fb57-439a-b8ec-44d1624be992	5/13/2021	Malignant			No	Not Determined	Tissue	Before Treatment	Snap Frozen	Lymph Node	B Cell Lymphoma	Primary Malignant Tumor Tissue	High	Primary	PRECINCT02-10-T-DOXTAK-2021-05-13		
sample	PRECINCT02-10-T-RVKPT-N	PRECINCT02-10-T-RVKPT	WGS data from canine DLBCL clinical trial PRECINCT02; Arm 5 (RVKPT); matched normal; ENA accession SAMEA117553192	30632f7b-75a5-4b43-a5b6-f440a5f4a816	10/29/2020	Normal			No	Not Applicable	Blood	Before Treatment	Snap Frozen	Blood	Not Applicable	Whole Blood	Not Applicable	Not Applicable	PRECINCT02-10-T-RVKPT-2020-10-29		
sample	PRECINCT02-10-T-RVKPT-T	PRECINCT02-10-T-RVKPT	WGS data from canine DLBCL clinical trial PRECINCT02; Arm 5 (RVKPT); ENA accession SAMEA117553143	b066feab-af92-49ff-9e8f-6a5a5b322e0a	10/29/2020	Malignant			No	Not Determined	Tissue	Before Treatment	Snap Frozen	Lymph Node	B Cell Lymphoma	Primary Malignant Tumor Tissue	High	Primary	PRECINCT02-10-T-RVKPT-2020-10-29		
sample	PRECINCT02-11-T-DOXTAK-N	PRECINCT02-11-T-DOXTAK	WGS data from canine DLBCL clinical trial PRECINCT02; Arm 6 (DOXTAK); matched normal; ENA accession SAMEA117553206	e5091a1a-328a-4545-b832-e6f10ab9319d	5/14/2021	Normal			No	Not Applicable	Blood	Before Treatment	Snap Frozen	Blood	Not Applicable	Whole Blood	Not Applicable	Not Applicable	PRECINCT02-11-T-DOXTAK-2021-05-14		
sample	PRECINCT02-11-T-DOXTAK-T	PRECINCT02-11-T-DOXTAK	WGS data from canine DLBCL clinical trial PRECINCT02; Arm 6 (DOXTAK); ENA accession SAMEA117553157	9f7e9269-b03c-48fb-ab43-0882d9079bb5	5/14/2021	Malignant			No	Not Determined	Tissue	Before Treatment	Snap Frozen	Lymph Node	B Cell Lymphoma	Primary Malignant Tumor Tissue	High	Primary	PRECINCT02-11-T-DOXTAK-2021-05-14		
sample	PRECINCT02-12-T-RVKPT-N	PRECINCT02-12-T-RVKPT	WGS data from canine DLBCL clinical trial PRECINCT02; Arm 5 (RVKPT); matched normal; ENA accession SAMEA117553193	3a39e58e-6574-4471-9d39-0a2c5be24bd9	11/3/2020	Normal			No	Not Applicable	Blood	Before Treatment	Snap Frozen	Blood	Not Applicable	Whole Blood	Not Applicable	Not Applicable	PRECINCT02-12-T-RVKPT-2020-11-03		
sample	PRECINCT02-12-T-RVKPT-T	PRECINCT02-12-T-RVKPT	WGS data from canine DLBCL clinical trial PRECINCT02; Arm 5 (RVKPT); ENA accession SAMEA117553144	7e857f3f-bba3-4052-b3b2-234fbda0cbc7	11/3/2020	Malignant			No	Not Determined	Tissue	Before Treatment	Snap Frozen	Lymph Node	B Cell Lymphoma	Primary Malignant Tumor Tissue	High	Primary	PRECINCT02-12-T-RVKPT-2020-11-03		
sample	PRECINCT02-13-T-RVKPT-N	PRECINCT02-13-T-RVKPT	WGS data from canine DLBCL clinical trial PRECINCT02; Arm 5 (RVKPT); matched normal; ENA accession SAMEA117553194	63dde361-3c50-4b8d-a574-6c0893e4454b	11/4/2020	Normal			No	Not Applicable	Blood	Before Treatment	Snap Frozen	Blood	Not Applicable	Whole Blood	Not Applicable	Not Applicable	PRECINCT02-13-T-RVKPT-2020-11-04		
sample	PRECINCT02-13-T-RVKPT-T	PRECINCT02-13-T-RVKPT	WGS data from canine DLBCL clinical trial PRECINCT02; Arm 5 (RVKPT); ENA accession SAMEA117553145	088d9cf5-34ae-4b44-a940-79f3c9be9e67	11/4/2020	Malignant			No	Not Determined	Tissue	Before Treatment	Snap Frozen	Lymph Node	B Cell Lymphoma	Primary Malignant Tumor Tissue	High	Primary	PRECINCT02-13-T-RVKPT-2020-11-04		
sample	PRECINCT02-14-T-RVKPT-N	PRECINCT02-14-T-RVKPT	WGS data from canine DLBCL clinical trial PRECINCT02; Arm 5 (RVKPT); matched normal; ENA accession SAMEA117553195	eba1c24e-03ca-4d9f-8135-a158f8e18462	11/5/2020	Normal			No	Not Applicable	Blood	Before Treatment	Snap Frozen	Blood	Not Applicable	Whole Blood	Not Applicable	Not Applicable	PRECINCT02-14-T-RVKPT-2020-11-05		
sample	PRECINCT02-14-T-RVKPT-T	PRECINCT02-14-T-RVKPT	WGS data from canine DLBCL clinical trial PRECINCT02; Arm 5 (RVKPT); ENA accession SAMEA117553146	4c1b66f0-f15c-4e62-bf82-0c63f2b29624	11/5/2020	Malignant			No	Not Determined	Tissue	Before Treatment	Snap Frozen	Lymph Node	B Cell Lymphoma	Primary Malignant Tumor Tissue	High	Primary	PRECINCT02-14-T-RVKPT-2020-11-05		
