type	uuid	crdc_id	file_description	file_format	file_name	file_size	file_type	md5sum	sample.sample_id		
file	01225115-ab45-5dd0-bfe1-f62a57a1ad8b	dg.4DFC/01225115-ab45-5dd0-bfe1-f62a57a1ad8b	Low pass WGS: Primary Tumor	bam	COTC022_2308_T.bam	6996725378	Whole Genome Sequence File	5648e3d2550e67b2c2fe1c3a12835bb3	COTC022-2308-T		
file	01d7d87a-8800-56f1-9c9b-426cd80b6508	dg.4DFC/01d7d87a-8800-56f1-9c9b-426cd80b6508	Low pass WGS: Primary Tumor	bai	COTC022_2318_T.bam.bai	2494960	Whole Genome Sequence File	dada252a2d622b9df046cab4a4828040	COTC022-2318-T		
file	038ec696-62a0-513a-a633-2a70e2e36d43	dg.4DFC/038ec696-62a0-513a-a633-2a70e2e36d43	Low pass WGS: Primary Tumor	bam	COTC022_0618_T.bam	8666609700	Whole Genome Sequence File	189b29ed40f16ddf02518b0cea3fc0fa	COTC022-0618-T		
file	067f6060-d7a5-5482-b427-a9a5473ce2ad	dg.4DFC/067f6060-d7a5-5482-b427-a9a5473ce2ad	Low pass WGS: Primary Tumor	bai	COTC022_2010_T.bam.bai	3114656	Whole Genome Sequence File	55b56c99dc4c93d0136fc14fdf5a6a24	COTC022-2010-T		
file	07af2176-5718-5e69-97ba-e321aaf0545e	dg.4DFC/07af2176-5718-5e69-97ba-e321aaf0545e	Low pass WGS: Primary Tumor	bam	COTC022_1414_T.bam	6978899674	Whole Genome Sequence File	a586544ec0d4ee46c239d1920668ecbb	COTC022-1414-T		
file	07e00b72-be53-544b-8823-dec72a7ab6f3	dg.4DFC/07e00b72-be53-544b-8823-dec72a7ab6f3	Low pass WGS: Primary Tumor	bai	COTC022_0504_T.bam.bai	5770392	Whole Genome Sequence File	c4b7e2351cf2e5775a6a5f71d51db5a1	COTC022-0504-T		
file	0deee7df-0e21-5431-9792-489d1edb94ec	dg.4DFC/0deee7df-0e21-5431-9792-489d1edb94ec	Low pass WGS: Primary Tumor	bam	COTC022_1710_T.bam	7449497743	Whole Genome Sequence File	35686147126789f0faa109aead2d8c9a	COTC022-1710-T		
file	17264311-fd0d-590c-a3e3-ebd95827bab9	dg.4DFC/17264311-fd0d-590c-a3e3-ebd95827bab9	Low pass WGS: Primary Tumor	bai	COTC022_1004_T.bam.bai	2273032	Whole Genome Sequence File	f9a33f322e37709b5a836a66fef35314	COTC022-1004-T		
file	19967d41-97b0-5692-aee8-2b9b7cb92696	dg.4DFC/19967d41-97b0-5692-aee8-2b9b7cb92696	Low pass WGS: Primary Tumor	bai	COTC022_0522_T.bam.bai	2256824	Whole Genome Sequence File	fa06046c0d38747bca2a4984293a0404	COTC022-0522-T		
file	1b4c70df-2e0b-5dd2-94fd-3dfe5ff2dcd3	dg.4DFC/1b4c70df-2e0b-5dd2-94fd-3dfe5ff2dcd3	Low pass WGS: Primary Tumor	bai	COTC022_0404_T.bam.bai	2826224	Whole Genome Sequence File	4cf7ed5c6652a2871b1c9ed1f2dcc88d	COTC022-0404-T		
file	1bd2728a-1e9d-5ff4-b9b7-73e930e73e8a	dg.4DFC/1bd2728a-1e9d-5ff4-b9b7-73e930e73e8a	Low pass WGS: Primary Tumor	bam	COTC022_0608_T.bam	9363985843	Whole Genome Sequence File	713e84861e5770732492d5a5f3160d53	COTC022-0608-T		
file	1c19eeea-1de4-5614-9375-72273fd9216a	dg.4DFC/1c19eeea-1de4-5614-9375-72273fd9216a	Low pass WGS: Primary Tumor	bam	COTC022_2006_T.bam	6441735993	Whole Genome Sequence File	ccc476c8dbb185dec5031b4e2f3b13c5	COTC022-2006-T		
file	20325eb3-edd4-5e2f-9cd3-b46238f3ab96	dg.4DFC/20325eb3-edd4-5e2f-9cd3-b46238f3ab96	Low pass WGS: Primary Tumor	bam	COTC022_0222_T.bam	7763505879	Whole Genome Sequence File	f92aeee3b82b94980c27ced7a7f91a3a	COTC022-0222-T		
file	21441fa0-1d06-5b13-905b-fc31aa7b8818	dg.4DFC/21441fa0-1d06-5b13-905b-fc31aa7b8818	Low pass WGS: Primary Tumor	bam	COTC022_0733_T.bam	6891528870	Whole Genome Sequence File	20b6a3d03cdf48413fc45d4123f5e237	COTC022-0733-T		
file	225950ee-3c7c-563c-9bcf-73147d3be086	dg.4DFC/225950ee-3c7c-563c-9bcf-73147d3be086	Low pass WGS: Primary Tumor	bam	COTC022_2012_T.bam	8433727249	Whole Genome Sequence File	1a44b7a357a5a26f14b6970da8b3bcc2	COTC022-2012-T		
file	230f7a73-34b0-5d62-8dce-6b46cf053414	dg.4DFC/230f7a73-34b0-5d62-8dce-6b46cf053414	Low pass WGS: Primary Tumor	bai	COTC022_0712_T.bam.bai	2669864	Whole Genome Sequence File	50f65c9dd9c3d24de243e0d0198f0106	COTC022-0712-T		
file	26901f61-d155-5c88-8f8b-53b1d19da238	dg.4DFC/26901f61-d155-5c88-8f8b-53b1d19da238	Low pass WGS: Primary Tumor	bai	COTC022_1708_T.bam.bai	2275448	Whole Genome Sequence File	79c6ed15054fdbcf418d2e71b91bfb5c	COTC022-1708-T		
file	270cc926-da76-56af-9a4f-1dbebb035da7	dg.4DFC/270cc926-da76-56af-9a4f-1dbebb035da7	Low pass WGS: Primary Tumor	bai	COTC022_0206_T.bam.bai	2175784	Whole Genome Sequence File	55d46d5eaf62029291ff4e63c3428c19	COTC022-0206-T		
file	27248834-edbe-5d3e-9320-b0a267531918	dg.4DFC/27248834-edbe-5d3e-9320-b0a267531918	Low pass WGS: Primary Tumor	bam	COTC022_0404_T.bam	8586455651	Whole Genome Sequence File	8d1fa620bae0da51c1801db54108a304	COTC022-0404-T		
file	28bdcb1d-5fc6-576d-b6a5-f2f47f06a53b	dg.4DFC/28bdcb1d-5fc6-576d-b6a5-f2f47f06a53b	Low pass WGS: Primary Tumor	bam	COTC022_0402_T.bam	9211714947	Whole Genome Sequence File	e11a355b1f0df4c0cca37c31c5cb670d	COTC022-0402-T		
file	2ab1ca6f-1f0d-5e96-8464-967f4512e95a	dg.4DFC/2ab1ca6f-1f0d-5e96-8464-967f4512e95a	Low pass WGS: Primary Tumor	bai	COTC022_2308_T.bam.bai	2202360	Whole Genome Sequence File	985b260701b17224074a2a97c7ca6528	COTC022-2308-T		
file	2af5a906-8f09-579b-8d83-164e951ac9f0	dg.4DFC/2af5a906-8f09-579b-8d83-164e951ac9f0	Low pass WGS: Primary Tumor	bai	COTC022_0606_T.bam.bai	2713424	Whole Genome Sequence File	3b0045b27051c8c5942a058dbb9e5248	COTC022-0606-T		
file	2e9b502c-940e-5d7e-b88c-ac370f313068	dg.4DFC/2e9b502c-940e-5d7e-b88c-ac370f313068	Low pass WGS: Primary Tumor	bam	COTC022_2004_T.bam	6675855344	Whole Genome Sequence File	e2acfb7e98706366638ec8ccebc07691	COTC022-2004-T		
file	330ef183-0ee9-5dca-ba3f-0fbd51dc5578	dg.4DFC/330ef183-0ee9-5dca-ba3f-0fbd51dc5578	Low pass WGS: Primary Tumor	bai	COTC022_0106_T.bam.bai	4224208	Whole Genome Sequence File	f798c11f23500d88258d445b79d4e3bf	COTC022-0106-T		
file	339e0fd0-db18-5833-9cea-b4df6fdb0ff0	dg.4DFC/339e0fd0-db18-5833-9cea-b4df6fdb0ff0	Low pass WGS: Primary Tumor	bam	COTC022_0907_T.bam	7509658095	Whole Genome Sequence File	42eaf2acc5a28e9cb92c9d89242c37a5	COTC022-0907-T		
file	3528603a-4c11-59e5-bda4-878096092d17	dg.4DFC/3528603a-4c11-59e5-bda4-878096092d17	Low pass WGS: Primary Tumor	bai	COTC022_0516_T.bam.bai	2215464	Whole Genome Sequence File	c671c99d7dec4bd08aba6bf65209a1a4	COTC022-0516-T		
file	3a92eee2-ae35-5569-a17f-7aa8823645e6	dg.4DFC/3a92eee2-ae35-5569-a17f-7aa8823645e6	Low pass WGS: Primary Tumor	bam	COTC022_0410_T.bam	6970616674	Whole Genome Sequence File	2fd84c89254c405446c199e124444d33	COTC022-0410-T		
file	3b564fc0-31c6-5677-82ea-f6bdaaa47416	dg.4DFC/3b564fc0-31c6-5677-82ea-f6bdaaa47416	Low pass WGS: Primary Tumor	bam	COTC022_0506_T.bam	8235872527	Whole Genome Sequence File	7bbf913c0d54925293200b5db3d2162d	COTC022-0506-T		
file	3c04302b-eeb0-5328-881c-6bbccc854bc6	dg.4DFC/3c04302b-eeb0-5328-881c-6bbccc854bc6	Low pass WGS: Primary Tumor	bai	COTC022_2006_T.bam.bai	2188048	Whole Genome Sequence File	082fd01bd9ce371badc668769f16ee10	COTC022-2006-T		
file	3ed057ae-7ba0-53a5-b00a-9438055fb277	dg.4DFC/3ed057ae-7ba0-53a5-b00a-9438055fb277	Low pass WGS: Primary Tumor	bai	COTC022_1704_T.bam.bai	2203488	Whole Genome Sequence File	4ab8916fdb22c6fcdeb00d11f0b2f1d0	COTC022-1704-T		
file	3f10d8a3-9776-5f48-bf39-cfac934dcbd7	dg.4DFC/3f10d8a3-9776-5f48-bf39-cfac934dcbd7	Low pass WGS: Primary Tumor	bai	COTC022_0406_T.bam.bai	7450736	Whole Genome Sequence File	226c464ea82bd86ba81907ab80b37475	COTC022-0406-T		
file	3f44a4d6-52a8-5c04-9057-71071a4e5901	dg.4DFC/3f44a4d6-52a8-5c04-9057-71071a4e5901	Low pass WGS: Primary Tumor	bam	COTC022_0619_T.bam	6574151587	Whole Genome Sequence File	067a3285fa30efba410fe87c1b67cee4	COTC022-0619-T		
file	4034999f-ca7b-5e0c-be90-7e0eaa44bab2	dg.4DFC/4034999f-ca7b-5e0c-be90-7e0eaa44bab2	Low pass WGS: Primary Tumor	bai	COTC022_1025_T.bam.bai	2690744	Whole Genome Sequence File	c5d071fe4908d8d3e8de86dfe1c4e26f	COTC022-1025-T		
file	449b6c55-4c07-5ff4-9e0a-fdceb35a6092	dg.4DFC/449b6c55-4c07-5ff4-9e0a-fdceb35a6092	Low pass WGS: Primary Tumor	bai	COTC022_0318_T.bam.bai	6973072	Whole Genome Sequence File	1083399dab3c89d85923f5c2bdfd87eb	COTC022-0318-T		
file	452b4f03-618b-597d-83dd-eca115245e5b	dg.4DFC/452b4f03-618b-597d-83dd-eca115245e5b	Low pass WGS: Primary Tumor	bam	COTC022_0411_T.bam	6584998998	Whole Genome Sequence File	6179500c1a5f6b0ddd261f1321989b2c	COTC022-0411-T		
file	458f16c2-2fcd-5e13-875d-959082f4ac31	dg.4DFC/458f16c2-2fcd-5e13-875d-959082f4ac31	Low pass WGS: Primary Tumor	bam	COTC022_1916_T.bam	8391427808	Whole Genome Sequence File	78cdf1b37cbddec5afab0067158e0658	COTC022-1916-T		
file	4600f055-dcba-5d86-940f-f8f814964c31	dg.4DFC/4600f055-dcba-5d86-940f-f8f814964c31	Low pass WGS: Primary Tumor	bai	COTC022_0220_T.bam.bai	6079152	Whole Genome Sequence File	256f4f44d1c9b0e3c79d29782b61485a	COTC022-0220-T		
file	4762e50c-e400-5dd7-ad8a-68fdd845ef06	dg.4DFC/4762e50c-e400-5dd7-ad8a-68fdd845ef06	Low pass WGS: Primary Tumor	bam	COTC022_0510_T.bam	9574822943	Whole Genome Sequence File	7c6b922a3249dd840430c79b443f8312	COTC022-0510-T		
file	49d138f3-9e80-5d75-baf0-c64dc0a06011	dg.4DFC/49d138f3-9e80-5d75-baf0-c64dc0a06011	Low pass WGS: Primary Tumor	bai	COTC022_1902_T.bam.bai	2218472	Whole Genome Sequence File	a48737472e21d58c9b10b6b827bb8a5f	COTC022-1902-T		
file	4a2c3b14-6a75-59d9-a716-e932fbbad60e	dg.4DFC/4a2c3b14-6a75-59d9-a716-e932fbbad60e	Low pass WGS: Primary Tumor	bai	COTC022_2004_T.bam.bai	2316648	Whole Genome Sequence File	bc76e1d3ced898249264f7691bf97657	COTC022-2004-T		
file	4b40eb19-4ee4-58c8-b2b9-ae2c1d2649e7	dg.4DFC/4b40eb19-4ee4-58c8-b2b9-ae2c1d2649e7	Low pass WGS: Primary Tumor	bam	COTC022_1803_T.bam	7904367813	Whole Genome Sequence File	5fa8ba7f19270c06a7aabf7d041142ce	COTC022-1803-T		
file	4e44d742-83d5-54a2-b2ad-36c0c6f0b651	dg.4DFC/4e44d742-83d5-54a2-b2ad-36c0c6f0b651	Low pass WGS: Primary Tumor	bam	COTC022_2010_T.bam	8120053911	Whole Genome Sequence File	1eeab6673c09a26a755e4ac17c17c78b	COTC022-2010-T		
file	4e73ed0d-4bf3-53c9-b08e-8758ab947059	dg.4DFC/4e73ed0d-4bf3-53c9-b08e-8758ab947059	Low pass WGS: Primary Tumor	bai	COTC022_2306_T.bam.bai	3508784	Whole Genome Sequence File	aade5f0e2db3fb5c1e9213d093dc7bc7	COTC022-2306-T		
file	50506698-3e32-5f80-ba67-1dcada21490e	dg.4DFC/50506698-3e32-5f80-ba67-1dcada21490e	Low pass WGS: Primary Tumor	bai	COTC022_0224_T.bam.bai	7356032	Whole Genome Sequence File	952ac9215bc7f119e49143ff8798b10c	COTC022-0224-T		
file	53116cad-1d7d-5cd1-a5d1-52247d046bc3	dg.4DFC/53116cad-1d7d-5cd1-a5d1-52247d046bc3	Low pass WGS: Primary Tumor	bam	COTC022_2322_T.bam	5894972186	Whole Genome Sequence File	3d0011d6ca567e53298aa43b247197c9	COTC022-2322-T		
file	5369741b-8df0-5c53-b46a-5a986d1881c2	dg.4DFC/5369741b-8df0-5c53-b46a-5a986d1881c2	Low pass WGS: Primary Tumor	bai	COTC022_0102_T.bam.bai	2661136	Whole Genome Sequence File	bff42a1153aba9474c230b7f61f4364d	COTC022-0102-T		
file	54385d88-753b-5a9d-b5d5-7840535e5a28	dg.4DFC/54385d88-753b-5a9d-b5d5-7840535e5a28	Low pass WGS: Primary Tumor	bai	COTC022_1803_T.bam.bai	2476280	Whole Genome Sequence File	bb9a0cab84e10d50e900477dabe68bba	COTC022-1803-T		
file	5463ae2a-7794-5a47-8f0e-7e942d4bd4e3	dg.4DFC/5463ae2a-7794-5a47-8f0e-7e942d4bd4e3	Low pass WGS: Primary Tumor	bai	COTC022_0402_T.bam.bai	3845320	Whole Genome Sequence File	0e4370bd9fa495cb6ba8c18b0761afde	COTC022-0402-T		
file	56e41c54-3c0f-547d-b926-b931bf558597	dg.4DFC/56e41c54-3c0f-547d-b926-b931bf558597	Low pass WGS: Primary Tumor	bam	COTC022_0606_T.bam	7880946832	Whole Genome Sequence File	574466b86a9d72666e4e4c565b850fbf	COTC022-0606-T		
file	5a726883-75c7-56a7-a403-ebdbca91941a	dg.4DFC/5a726883-75c7-56a7-a403-ebdbca91941a	Low pass WGS: Primary Tumor	bam	COTC022_1708_T.bam	6678016869	Whole Genome Sequence File	1ab76ce6bd522cdb9bd3e354a390c0b7	COTC022-1708-T		
file	5ab2b9fa-4322-571f-9954-f46ea9e489f3	dg.4DFC/5ab2b9fa-4322-571f-9954-f46ea9e489f3	Low pass WGS: Primary Tumor	bai	COTC022_2316_T.bam.bai	3019904	Whole Genome Sequence File	3d38b7d32704c4fd9782f9fa52758793	COTC022-2316-T		
file	5f0df8b0-389c-561f-9e20-bf979bf8e070	dg.4DFC/5f0df8b0-389c-561f-9e20-bf979bf8e070	Low pass WGS: Primary Tumor	bam	COTC022_2304_T.bam	6988282211	Whole Genome Sequence File	b87d690acf86d8760351f00247ea38a6	COTC022-2304-T		
file	6100d2ff-652e-53b6-88ea-f07a701212c1	dg.4DFC/6100d2ff-652e-53b6-88ea-f07a701212c1	Low pass WGS: Primary Tumor	bai	COTC022_0608_T.bam.bai	4305584	Whole Genome Sequence File	fe3f81524801e778655bc0252b4065ec	COTC022-0608-T		
file	63323412-a9d4-57b0-8121-d32aa6eb487e	dg.4DFC/63323412-a9d4-57b0-8121-d32aa6eb487e	Low pass WGS: Primary Tumor	bam	COTC022_0721_T.bam	8450836729	Whole Genome Sequence File	ef5d802d9461b2e01358144b27f8cabd	COTC022-0721-T		
file	67ee88c7-5e1c-5a7c-8d38-5f999e808692	dg.4DFC/67ee88c7-5e1c-5a7c-8d38-5f999e808692	Low pass WGS: Primary Tumor	bai	COTC022_1414_T.bam.bai	2376800	Whole Genome Sequence File	8691149d336af1cc34b8cbb6bf5b85d1	COTC022-1414-T		
file	6951ac7e-3a51-5c49-a080-9c1ac809e3f2	dg.4DFC/6951ac7e-3a51-5c49-a080-9c1ac809e3f2	Low pass WGS: Primary Tumor	bai	COTC022_0619_T.bam.bai	2187328	Whole Genome Sequence File	2128950c934c926f1075bd86b84fcdf7	COTC022-0619-T		
file	6c6ca10c-c24d-5783-8c50-a1e953439ef7	dg.4DFC/6c6ca10c-c24d-5783-8c50-a1e953439ef7	Low pass WGS: Primary Tumor	bai	COTC022_0721_T.bam.bai	3133280	Whole Genome Sequence File	1f2cfca0db120d83890c72697eee769d	COTC022-0721-T		
file	6df5e3c3-d87b-56bd-a9f1-880743f4c2c8	dg.4DFC/6df5e3c3-d87b-56bd-a9f1-880743f4c2c8	Low pass WGS: Primary Tumor	bam	COTC022_1010_T.bam	1904078105	Whole Genome Sequence File	adec395cd98a5e824a1327f144c89181	COTC022-1010-T		
file	6e3cedbc-b325-5fcd-9817-cb8c654b7c7d	dg.4DFC/6e3cedbc-b325-5fcd-9817-cb8c654b7c7d	Low pass WGS: Primary Tumor	bam	COTC022_0710_T.bam	8759025672	Whole Genome Sequence File	800125d61ef2cb433a79930f0fd151a3	COTC022-0710-T		
file	7168d695-b8a1-5a23-9724-5ed63d81df63	dg.4DFC/7168d695-b8a1-5a23-9724-5ed63d81df63	Low pass WGS: Primary Tumor	bam	COTC022_0106_T.bam	9592699728	Whole Genome Sequence File	9e6ea7c4aa3e9d11e4fe22f7dd30829c	COTC022-0106-T		
file	7284a02d-8eb6-5ea8-bf64-788179092bca	dg.4DFC/7284a02d-8eb6-5ea8-bf64-788179092bca	Low pass WGS: Primary Tumor	bam	COTC022_0206_T.bam	5628847052	Whole Genome Sequence File	558d05f5de3454cb758659469efa3225	COTC022-0206-T		
file	744175f1-1a2f-5e5b-9bac-1f0f778c9222	dg.4DFC/744175f1-1a2f-5e5b-9bac-1f0f778c9222	Low pass WGS: Primary Tumor	bai	COTC022_1011_T.bam.bai	2669128	Whole Genome Sequence File	98283e886c4cc18229074a4af79f49b3	COTC022-1011-T		
file	7504ccb5-ec2f-5c39-bde4-1f51f5a0d3e9	dg.4DFC/7504ccb5-ec2f-5c39-bde4-1f51f5a0d3e9	Low pass WGS: Primary Tumor	bam	COTC022_0318_T.bam	14701019509	Whole Genome Sequence File	65c0004b8ceb8259bad1202ed69f9c48	COTC022-0318-T		
file	757c08d3-79ec-5723-9c2f-8d9f0a415154	dg.4DFC/757c08d3-79ec-5723-9c2f-8d9f0a415154	Low pass WGS: Primary Tumor	bam	COTC022_0504_T.bam	12347564895	Whole Genome Sequence File	12b4a90b6a08b12173fdc5c763bbacd1	COTC022-0504-T		
file	75f7342e-dd4e-53ba-985c-1ae4324ae746	dg.4DFC/75f7342e-dd4e-53ba-985c-1ae4324ae746	Low pass WGS: Primary Tumor	bai	COTC022_0710_T.bam.bai	3395392	Whole Genome Sequence File	3aaa7056f46cd6b8a944dc0f565ca517	COTC022-0710-T		
file	787cd3fa-a1b4-522b-a112-e5c36772f459	dg.4DFC/787cd3fa-a1b4-522b-a112-e5c36772f459	Low pass WGS: Primary Tumor	bam	COTC022_0514_T.bam	6344162007	Whole Genome Sequence File	dbee89e96482f7961a62c9010f074696	COTC022-0514-T		
file	79416d4d-1078-500c-ac83-6cd0409d0109	dg.4DFC/79416d4d-1078-500c-ac83-6cd0409d0109	Low pass WGS: Primary Tumor	bam	COTC022_0102_T.bam	7371053367	Whole Genome Sequence File	9eb750bcac8b21b87610c8e1202e75ff	COTC022-0102-T		
file	7b2c7d8a-643f-5211-b10e-2267fd959569	dg.4DFC/7b2c7d8a-643f-5211-b10e-2267fd959569	Low pass WGS: Primary Tumor	bai	COTC022_0222_T.bam.bai	2438376	Whole Genome Sequence File	0133f53bf5804655ad145291c478fe0f	COTC022-0222-T		
file	7dfc418e-1089-534d-884c-b945916bf427	dg.4DFC/7dfc418e-1089-534d-884c-b945916bf427	Low pass WGS: Primary Tumor	bai	COTC022_2304_T.bam.bai	2311480	Whole Genome Sequence File	c688a61c29670676e48750991ae34979	COTC022-2304-T		
file	7fe2a450-22d1-5051-9e70-758c65a2f497	dg.4DFC/7fe2a450-22d1-5051-9e70-758c65a2f497	Low pass WGS: Primary Tumor	bam	COTC022_0614_T.bam	6189096712	Whole Genome Sequence File	cd38831d93f6b8643fef4aab69e1abfb	COTC022-0614-T		
file	83a2f0ed-5419-50e5-b57a-897d3392923a	dg.4DFC/83a2f0ed-5419-50e5-b57a-897d3392923a	Low pass WGS: Primary Tumor	bai	COTC022_0506_T.bam.bai	3004128	Whole Genome Sequence File	928f0baef6f7238a9e2d3a0857145973	COTC022-0506-T		
file	87a02f11-0957-5578-9c70-6c6e63d45036	dg.4DFC/87a02f11-0957-5578-9c70-6c6e63d45036	Low pass WGS: Primary Tumor	bai	COTC022_1010_T.bam.bai	2006992	Whole Genome Sequence File	3e7a35e3fce82e8923c7c233c4b49620	COTC022-1010-T		
file	90614796-779b-5a28-b2f7-268a44b4a703	dg.4DFC/90614796-779b-5a28-b2f7-268a44b4a703	Low pass WGS: Primary Tumor	bai	COTC022_0502_T.bam.bai	2373560	Whole Genome Sequence File	8c0f1a9e47575bbb4295faabf5e86aad	COTC022-0502-T		
file	95802d42-2dbc-54e2-ad02-f8ec94bfe862	dg.4DFC/95802d42-2dbc-54e2-ad02-f8ec94bfe862	Low pass WGS: Primary Tumor	bai	COTC022_0204_T.bam.bai	2458216	Whole Genome Sequence File	792f448b090f2bf6222e89dfdb9d1f8e	COTC022-0204-T		
file	985a2751-7a08-5abd-8500-b130dae3c80d	dg.4DFC/985a2751-7a08-5abd-8500-b130dae3c80d	Low pass WGS: Primary Tumor	bai	COTC022_0716_T.bam.bai	3372440	Whole Genome Sequence File	2a26521fdf38fb8a170ce761699adc0f	COTC022-0716-T		
file	9913db99-87cb-56b3-8f2e-75dbebf2cc7f	dg.4DFC/9913db99-87cb-56b3-8f2e-75dbebf2cc7f	Low pass WGS: Primary Tumor	bai	COTC022_0514_T.bam.bai	2248160	Whole Genome Sequence File	c238e77a9d5a2c2bf988c318565160ec	COTC022-0514-T		
file	9963c37c-a430-5132-8dad-cea3f46d7b4f	dg.4DFC/9963c37c-a430-5132-8dad-cea3f46d7b4f	Low pass WGS: Primary Tumor	bam	COTC022_2318_T.bam	6831552292	Whole Genome Sequence File	81eb1a59955b9c340b08cfbc0a02d803	COTC022-2318-T		
file	99bfe55b-83c8-5d6f-82b6-6a7c31c8e088	dg.4DFC/99bfe55b-83c8-5d6f-82b6-6a7c31c8e088	Low pass WGS: Primary Tumor	bam	COTC022_2011_T.bam	11620646373	Whole Genome Sequence File	57b71ee9f796212e1bbeebd90629b3bd	COTC022-2011-T		
file	9d5b67bb-71d7-5449-9668-5c5c172acd70	dg.4DFC/9d5b67bb-71d7-5449-9668-5c5c172acd70	Low pass WGS: Primary Tumor	bam	COTC022_0214_T.bam	4792256328	Whole Genome Sequence File	40bff991449f650741bc6de5e5a48cab	COTC022-0214-T		
file	a16647ae-e775-5668-b059-3860f1131699	dg.4DFC/a16647ae-e775-5668-b059-3860f1131699	Low pass WGS: Primary Tumor	bam	COTC022_1011_T.bam	7278330421	Whole Genome Sequence File	40bfa1d238f3ca7278eb0e3f23dabedb	COTC022-1011-T		
file	a17a0253-0b59-5575-88bf-1bb037c4baab	dg.4DFC/a17a0253-0b59-5575-88bf-1bb037c4baab	Low pass WGS: Primary Tumor	bam	COTC022_0712_T.bam	7987227716	Whole Genome Sequence File	99d9defea2fa81ae091d12b3642b2038	COTC022-0712-T		
file	a2c152af-71e0-5571-96f4-b58aa35b7199	dg.4DFC/a2c152af-71e0-5571-96f4-b58aa35b7199	Low pass WGS: Primary Tumor	bam	COTC022_0502_T.bam	7629944596	Whole Genome Sequence File	b5e5476f6e983f9eb103d1ad5d586d68	COTC022-0502-T		
file	a3f908a4-e335-5ec4-923a-317bbc9af823	dg.4DFC/a3f908a4-e335-5ec4-923a-317bbc9af823	Low pass WGS: Primary Tumor	bai	COTC022_1916_T.bam.bai	2483976	Whole Genome Sequence File	1689f1d0508a0730b9d33bfaff32d95c	COTC022-1916-T		
file	a5dded56-e5e2-52b5-9b90-189de40c7872	dg.4DFC/a5dded56-e5e2-52b5-9b90-189de40c7872	Low pass WGS: Primary Tumor	bai	COTC022_0702_T.bam.bai	2379752	Whole Genome Sequence File	1fda0f3634f3820965fc2f050716623d	COTC022-0702-T		
file	ac468554-656a-5d10-b0b2-00194b35f76a	dg.4DFC/ac468554-656a-5d10-b0b2-00194b35f76a	Low pass WGS: Primary Tumor	bam	COTC022_1004_T.bam	6833098618	Whole Genome Sequence File	b2266441d3ea8ed5efbc947d0d1b20f7	COTC022-1004-T		
file	b296e274-41e3-52d7-b8fe-d0d35e7bc2b2	dg.4DFC/b296e274-41e3-52d7-b8fe-d0d35e7bc2b2	Low pass WGS: Primary Tumor	bai	COTC022_0216_T.bam.bai	2550760	Whole Genome Sequence File	41fb80f4511223f1dbeedba68c661289	COTC022-0216-T		
file	b2f2dc36-7ea9-53cd-aee3-ceb25e311866	dg.4DFC/b2f2dc36-7ea9-53cd-aee3-ceb25e311866	Low pass WGS: Primary Tumor	bai	COTC022_0510_T.bam.bai	3970768	Whole Genome Sequence File	f61d6140cd85782bc249b2735bb0515c	COTC022-0510-T		
file	b54b0f0c-f0d0-5e1b-ab8b-d85127d879b2	dg.4DFC/b54b0f0c-f0d0-5e1b-ab8b-d85127d879b2	Low pass WGS: Primary Tumor	bam	COTC022_0216_T.bam	7490988034	Whole Genome Sequence File	179cf94aa6ee0de2e01da4b111a4ced0	COTC022-0216-T		
file	b6f6514b-7d18-59aa-8a73-faeb50a9c9dd	dg.4DFC/b6f6514b-7d18-59aa-8a73-faeb50a9c9dd	Low pass WGS: Primary Tumor	bam	COTC022_2316_T.bam	8485001762	Whole Genome Sequence File	84f0a92c248c226e5f556306869c85cf	COTC022-2316-T		
file	b7564838-af6a-54dd-85f5-39e0f1153771	dg.4DFC/b7564838-af6a-54dd-85f5-39e0f1153771	Low pass WGS: Primary Tumor	bam	COTC022_1902_T.bam	6761191398	Whole Genome Sequence File	92ca466a69dd3f3ab6ad7e8976db76d5	COTC022-1902-T		
file	b897242f-68be-555a-89a8-698aa1b0ad00	dg.4DFC/b897242f-68be-555a-89a8-698aa1b0ad00	Low pass WGS: Primary Tumor	bai	COTC022_0614_T.bam.bai	2203704	Whole Genome Sequence File	07b407cbcaf3d749dcca9961f8cf9967	COTC022-0614-T		
file	b9a22c6e-a8ea-5176-8eb9-32273874b6e1	dg.4DFC/b9a22c6e-a8ea-5176-8eb9-32273874b6e1	Low pass WGS: Primary Tumor	bam	COTC022_0719_T.bam	8991272755	Whole Genome Sequence File	33d8281b223432a25e86bd5572c255e3	COTC022-0719-T		
file	bcf386a4-83ef-5cd1-a1a3-5ec24173d28d	dg.4DFC/bcf386a4-83ef-5cd1-a1a3-5ec24173d28d	Low pass WGS: Primary Tumor	bai	COTC022_2012_T.bam.bai	3371304	Whole Genome Sequence File	8cf9e76e42ef8146a8e7570738eaac02	COTC022-2012-T		
file	bd66c0df-4699-5348-90de-78ed996f63a9	dg.4DFC/bd66c0df-4699-5348-90de-78ed996f63a9	Low pass WGS: Primary Tumor	bam	COTC022_0220_T.bam	12000256285	Whole Genome Sequence File	38ad6d68682cb8adb1b7a726cc92211a	COTC022-0220-T		
file	bdf1e098-fd4b-535c-9a31-01ebb84e2779	dg.4DFC/bdf1e098-fd4b-535c-9a31-01ebb84e2779	Low pass WGS: Primary Tumor	bam	COTC022_2306_T.bam	8563089308	Whole Genome Sequence File	8f25e248ade3fd84ab2088ddbc6f4695	COTC022-2306-T		
file	c2e36c51-fbb8-568e-875c-66c7aebaaaa0	dg.4DFC/c2e36c51-fbb8-568e-875c-66c7aebaaaa0	Low pass WGS: Primary Tumor	bam	COTC022_0720_T.bam	7630378035	Whole Genome Sequence File	2fdbc37a5edc9f45302972b7d1829450	COTC022-0720-T		
file	c4b9a56e-3ff7-58ee-bf1e-212fe16695b9	dg.4DFC/c4b9a56e-3ff7-58ee-bf1e-212fe16695b9	Low pass WGS: Primary Tumor	bam	COTC022_0306_T.bam	7930413841	Whole Genome Sequence File	5363ef74d43cb16603f4e943f99127bd	COTC022-0306-T		
file	c9967c1e-9df3-52ef-9b25-5923719f3731	dg.4DFC/c9967c1e-9df3-52ef-9b25-5923719f3731	Low pass WGS: Primary Tumor	bam	COTC022_0716_T.bam	8333993855	Whole Genome Sequence File	3b232ed8880264b0399fec23ebf6683d	COTC022-0716-T		
file	ca1be339-4966-55bf-a1d8-ce6305ffbc1e	dg.4DFC/ca1be339-4966-55bf-a1d8-ce6305ffbc1e	Low pass WGS: Primary Tumor	bai	COTC022_2322_T.bam.bai	2238808	Whole Genome Sequence File	09783656870dba62bafa8a7a826ff087	COTC022-2322-T		
file	cc54e391-e8b0-5b44-87d6-b18ddd021591	dg.4DFC/cc54e391-e8b0-5b44-87d6-b18ddd021591	Low pass WGS: Primary Tumor	bam	COTC022_0204_T.bam	6619669009	Whole Genome Sequence File	f9e250f8686afa722f997d5eefa85ed5	COTC022-0204-T		
file	d54ed6f2-aadf-569d-89eb-cc7a02e2f5fb	dg.4DFC/d54ed6f2-aadf-569d-89eb-cc7a02e2f5fb	Low pass WGS: Primary Tumor	bai	COTC022_0907_T.bam.bai	2241904	Whole Genome Sequence File	1346b9761fbbe7b4fe85ade86c6b5e0b	COTC022-0907-T		
file	d642075b-ef92-5ab2-ac32-3ef684a20e6a	dg.4DFC/d642075b-ef92-5ab2-ac32-3ef684a20e6a	Low pass WGS: Primary Tumor	bai	COTC022_0642_T.bam.bai	2890352	Whole Genome Sequence File	94c76ef7cb86c0840b456f6491971c1b	COTC022-0642-T		
file	d7a01db1-ebff-5878-bbb9-533b05014b77	dg.4DFC/d7a01db1-ebff-5878-bbb9-533b05014b77	Low pass WGS: Primary Tumor	bam	COTC022_0228_T.bam	6286437777	Whole Genome Sequence File	1222ef93a97f8be69b95ad506b449a7e	COTC022-0228-T		
file	d7aea3d6-e2e9-5154-ac5b-9024dfa95e18	dg.4DFC/d7aea3d6-e2e9-5154-ac5b-9024dfa95e18	Low pass WGS: Primary Tumor	bai	COTC022_1014_T.bam.bai	2696464	Whole Genome Sequence File	c9550ee9eea758ad990117d93aca2759	COTC022-1014-T		
file	d9ac3b82-6a21-56c8-8dd3-2234f8757044	dg.4DFC/d9ac3b82-6a21-56c8-8dd3-2234f8757044	Low pass WGS: Primary Tumor	bam	COTC022_2208_T.bam	6770730124	Whole Genome Sequence File	2ec098182dea71113ae6ef74634997b8	COTC022-2208-T		
file	d9d3972c-1bf2-5db2-a79c-cbe819bc13b4	dg.4DFC/d9d3972c-1bf2-5db2-a79c-cbe819bc13b4	Low pass WGS: Primary Tumor	bai	COTC022_0719_T.bam.bai	3929600	Whole Genome Sequence File	ffb6db911a71df4c20bf61f41119d32c	COTC022-0719-T		
file	daeac267-bedc-5cf0-bc82-d9565a416782	dg.4DFC/daeac267-bedc-5cf0-bc82-d9565a416782	Low pass WGS: Primary Tumor	bam	COTC022_0642_T.bam	8390254055	Whole Genome Sequence File	3cc46f1bb579946c6cda90884f5bc3a7	COTC022-0642-T		
file	dafefce2-214e-5adc-91bc-edc8022b1a3e	dg.4DFC/dafefce2-214e-5adc-91bc-edc8022b1a3e	Low pass WGS: Primary Tumor	bam	COTC022_1025_T.bam	7318222602	Whole Genome Sequence File	c7f8e4de59b58d1e22927490085df394	COTC022-1025-T		
file	dc50bbc5-f7b1-584b-b377-fa59cd9b113e	dg.4DFC/dc50bbc5-f7b1-584b-b377-fa59cd9b113e	Low pass WGS: Primary Tumor	bai	COTC022_0410_T.bam.bai	2647504	Whole Genome Sequence File	13c08e4106305d51b1601f92691333bc	COTC022-0410-T		
file	de2b445e-56ee-58c3-8786-b77a2f39517c	dg.4DFC/de2b445e-56ee-58c3-8786-b77a2f39517c	Low pass WGS: Primary Tumor	bai	COTC022_0733_T.bam.bai	2199512	Whole Genome Sequence File	c5be66b2298fea04887a405666e3d343	COTC022-0733-T		
file	def1fe69-2bea-5d7c-937a-197a9298734e	dg.4DFC/def1fe69-2bea-5d7c-937a-197a9298734e	Low pass WGS: Primary Tumor	bai	COTC022_0720_T.bam.bai	2772088	Whole Genome Sequence File	53574773a56a601bf1210d1a8aba3dbe	COTC022-0720-T		
file	e059457f-31ba-587d-ae06-3660de06f207	dg.4DFC/e059457f-31ba-587d-ae06-3660de06f207	Low pass WGS: Primary Tumor	bai	COTC022_1710_T.bam.bai	2504896	Whole Genome Sequence File	dd76d1fe49d59e2e1b12a939758660d3	COTC022-1710-T		
file	e377696e-4cda-5485-b208-4a1b39175399	dg.4DFC/e377696e-4cda-5485-b208-4a1b39175399	Low pass WGS: Primary Tumor	bam	COTC022_1014_T.bam	8016731025	Whole Genome Sequence File	1787587c907a55e9e8ac53f9f5b8a1e0	COTC022-1014-T		
file	e4d5c653-9b6f-5048-b9d3-71ea57643219	dg.4DFC/e4d5c653-9b6f-5048-b9d3-71ea57643219	Low pass WGS: Primary Tumor	bai	COTC022_0228_T.bam.bai	2342392	Whole Genome Sequence File	895585020e3016bc2e8744b034c95359	COTC022-0228-T		
file	e76c81d0-7e73-5ee1-a181-f03d56f3f100	dg.4DFC/e76c81d0-7e73-5ee1-a181-f03d56f3f100	Low pass WGS: Primary Tumor	bam	COTC022_0702_T.bam	6648812704	Whole Genome Sequence File	a92bc0337f3c0f01a09a1ee7898a9edf	COTC022-0702-T		
file	e7a6a675-8e80-50cc-933d-206ec213c23a	dg.4DFC/e7a6a675-8e80-50cc-933d-206ec213c23a	Low pass WGS: Primary Tumor	bai	COTC022_2011_T.bam.bai	6024880	Whole Genome Sequence File	5f1e245117ab9cd2d02c6329a8b9d673	COTC022-2011-T		
file	e9581a75-9a77-5ab0-ae28-e7c725bf3c7e	dg.4DFC/e9581a75-9a77-5ab0-ae28-e7c725bf3c7e	Low pass WGS: Primary Tumor	bam	COTC022_0516_T.bam	6813287567	Whole Genome Sequence File	4fe8e1ee88987a316ef90b077b6b58c0	COTC022-0516-T		
file	eacab15d-db9d-5d56-b41b-205a080a1d8a	dg.4DFC/eacab15d-db9d-5d56-b41b-205a080a1d8a	Low pass WGS: Primary Tumor	bam	COTC022_1704_T.bam	7008876307	Whole Genome Sequence File	bc985f35a06a9ad5acc65b129bbd3048	COTC022-1704-T		
file	eb769b4e-9c71-5564-bac0-e070931ddedf	dg.4DFC/eb769b4e-9c71-5564-bac0-e070931ddedf	Low pass WGS: Primary Tumor	bam	COTC022_0224_T.bam	19196640000	Whole Genome Sequence File	f4fb1f3b3cd946f9ede02f305f904517	COTC022-0224-T		
file	edba415d-4eed-54bd-b71d-9c06d88a5c81	dg.4DFC/edba415d-4eed-54bd-b71d-9c06d88a5c81	Low pass WGS: Primary Tumor	bai	COTC022_0411_T.bam.bai	7479680	Whole Genome Sequence File	02c91adf59874fc6f01efd7999c67cf9	COTC022-0411-T		
file	ef58d5c3-1db7-592b-abd4-3e8e1854431e	dg.4DFC/ef58d5c3-1db7-592b-abd4-3e8e1854431e	Low pass WGS: Primary Tumor	bam	COTC022_0406_T.bam	5976593337	Whole Genome Sequence File	c898f34b1d173baedf6131d11b41c714	COTC022-0406-T		
file	f22d98da-e0d1-5b81-918b-c3cfe4c5913d	dg.4DFC/f22d98da-e0d1-5b81-918b-c3cfe4c5913d	Low pass WGS: Primary Tumor	bai	COTC022_2208_T.bam.bai	2391008	Whole Genome Sequence File	4dc337fe682ed928adc2077b6b2ed197	COTC022-2208-T		
file	f45795d4-6ac3-508a-89ce-25b79e4c8908	dg.4DFC/f45795d4-6ac3-508a-89ce-25b79e4c8908	Low pass WGS: Primary Tumor	bai	COTC022_0306_T.bam.bai	3018728	Whole Genome Sequence File	aa0b9b66247373e6ed9ca62872456694	COTC022-0306-T		
file	f65abdcb-e4a1-51cb-bf9d-511b041a29de	dg.4DFC/f65abdcb-e4a1-51cb-bf9d-511b041a29de	Low pass WGS: Primary Tumor	bam	COTC022_0522_T.bam	6736443647	Whole Genome Sequence File	2509b48aedd9de09763cf587cb68cd17	COTC022-0522-T		
file	f81c2ce7-f3cd-55db-b85f-f5aac7ff6e83	dg.4DFC/f81c2ce7-f3cd-55db-b85f-f5aac7ff6e83	Low pass WGS: Primary Tumor	bam	COTC022_0905_T.bam	7283072923	Whole Genome Sequence File	69aac33765b1a819e1a8759772b9fcd7	COTC022-0905-T		
file	f8a0cd7c-496e-5841-bdc4-645b57576abe	dg.4DFC/f8a0cd7c-496e-5841-bdc4-645b57576abe	Low pass WGS: Primary Tumor	bai	COTC022_0905_T.bam.bai	2213544	Whole Genome Sequence File	8cad1b65e8d0609432645a190d7d2db1	COTC022-0905-T		
file	ff6dccbc-363e-53db-8875-5e9c61480cd8	dg.4DFC/ff6dccbc-363e-53db-8875-5e9c61480cd8	Low pass WGS: Primary Tumor	bai	COTC022_0214_T.bam.bai	2198768	Whole Genome Sequence File	81f238d0414d8fdda1652ae3add58328	COTC022-0214-T		
file	ffdfedd5-4b22-5cbf-90a4-0f3c0943853f	dg.4DFC/ffdfedd5-4b22-5cbf-90a4-0f3c0943853f	Low pass WGS: Primary Tumor	bai	COTC022_0618_T.bam.bai	3138248	Whole Genome Sequence File	621564dd5aeebfd0dacf883fd276e2d5	COTC022-0618-T		
file	02936a8b-cb17-5087-9aac-24f7d241281d	dg.4DFC/02936a8b-cb17-5087-9aac-24f7d241281d	Methylation: Primary Tumor	txt	COTC022-0614-T.CX_report.txt.gz	5284748594	DNA Methylation Analysis File	5d6c3e30df70a25f0dd01b139d9d1197	COTC022-0614-T		
file	0c172051-38b6-59b3-bc02-492e8dc81090	dg.4DFC/0c172051-38b6-59b3-bc02-492e8dc81090	Methylation: Primary Tumor	txt	COTC022-1709-T.CX_report.txt.gz	5163755037	DNA Methylation Analysis File	24f2dfe75f57042c7e8762ac212da704	COTC022-1709-T		
file	3c3e82b4-3ef1-50d4-bb5a-a4ec257652d7	dg.4DFC/3c3e82b4-3ef1-50d4-bb5a-a4ec257652d7	Methylation: Primary Tumor	txt	COTC022-1712-T.CX_report.txt.gz	5077505020	DNA Methylation Analysis File	628be9817299b6b2c9a11942567fcaca	COTC022-1712-T		
file	426a517c-9cbd-5433-8a93-5bbc7f1a8691	dg.4DFC/426a517c-9cbd-5433-8a93-5bbc7f1a8691	Methylation: Primary Tumor	txt	COTC022-0202-T.CX_report.txt.gz	5152291135	DNA Methylation Analysis File	dee38f4d4c14b8ce0d1999a9d496eb2d	COTC022-0202-T		
file	449055f8-3eb9-5f4e-9c68-bd735660b6f1	dg.4DFC/449055f8-3eb9-5f4e-9c68-bd735660b6f1	Methylation: Primary Tumor	txt	COTC022-0642-T.CX_report.txt.gz	5233303073	DNA Methylation Analysis File	02a503a75e34991f617cc1b800745b2e	COTC022-0642-T		
file	44b6a0b3-49b8-594c-be42-bf3d75c9c8f8	dg.4DFC/44b6a0b3-49b8-594c-be42-bf3d75c9c8f8	Methylation: Primary Tumor	txt	COTC022-1002-T.CX_report.txt.gz	5165232423	DNA Methylation Analysis File	b33d6e9b4a87d0f4aab1f9eb33b78eab	COTC022-1002-T		
file	4ccdc705-a69a-51d5-8724-7ad0b03895ce	dg.4DFC/4ccdc705-a69a-51d5-8724-7ad0b03895ce	Methylation: Primary Tumor	txt	COTC022-0802-T.CX_report.txt.gz	4951909689	DNA Methylation Analysis File	ab86446bd78e16d7fa923fdfa8710d52	COTC022-0802-T		
file	549a2f6e-4dd6-5337-9831-5d385d118c88	dg.4DFC/549a2f6e-4dd6-5337-9831-5d385d118c88	Methylation: Primary Tumor	txt	COTC022-0304-T.CX_report.txt.gz	4710444535	DNA Methylation Analysis File	a16b99ec097ffecfa862030e2252446b	COTC022-0304-T		
file	5d696a8a-1750-5a41-ab99-4081460d9992	dg.4DFC/5d696a8a-1750-5a41-ab99-4081460d9992	Methylation: Primary Tumor	txt	COTC022-0620-T.CX_report.txt.gz	4749635179	DNA Methylation Analysis File	e48765e18a1f034de4735643cfc63f1b	COTC022-0620-T		
file	60d2393c-5a47-5f7e-8cd5-d8cf57955cd7	dg.4DFC/60d2393c-5a47-5f7e-8cd5-d8cf57955cd7	Methylation: Primary Tumor	txt	COTC022-0102-T.CX_report.txt.gz	5064667949	DNA Methylation Analysis File	3042bb8326f75b5d398c8a171ad24cd5	COTC022-0102-T		
file	6741da82-2b33-56de-a068-8d25ec5c2b29	dg.4DFC/6741da82-2b33-56de-a068-8d25ec5c2b29	Methylation: Primary Tumor	txt	COTC022-0615-T.CX_report.txt.gz	5193843081	DNA Methylation Analysis File	9110404874c9b585a026a565146aa068	COTC022-0615-T		
file	6df1fdff-d966-5202-8deb-66f681eabb9c	dg.4DFC/6df1fdff-d966-5202-8deb-66f681eabb9c	Methylation: Primary Tumor	txt	COTC022-0214-T.CX_report.txt.gz	5179328117	DNA Methylation Analysis File	8c32d02a52e840244fa615763d2b11a5	COTC022-0214-T		
file	866d1c68-6ced-5455-b50b-2c6b8aa9bf3a	dg.4DFC/866d1c68-6ced-5455-b50b-2c6b8aa9bf3a	Methylation: Primary Tumor	txt	COTC022-1004-T.CX_report.txt.gz	5190239306	DNA Methylation Analysis File	d388cf31beaeb8e98c07007f52e93537	COTC022-1004-T		
file	8b62f10f-02ff-55d1-a50e-23185d1c66a0	dg.4DFC/8b62f10f-02ff-55d1-a50e-23185d1c66a0	Methylation: Primary Tumor	txt	COTC022-0602-T.CX_report.txt.gz	5208094760	DNA Methylation Analysis File	ae0dfa2f7b1d77abc51cbd993e90b157	COTC022-0602-T		
file	951d6b5f-138f-58bf-abcf-52f5a5563861	dg.4DFC/951d6b5f-138f-58bf-abcf-52f5a5563861	Methylation: Primary Tumor	txt	COTC022-1023-T.CX_report.txt.gz	4943070934	DNA Methylation Analysis File	a0f1dc3d012ed7359198b26946d82b73	COTC022-1023-T		
file	9842e79f-09d6-5d52-bd47-b055f3864310	dg.4DFC/9842e79f-09d6-5d52-bd47-b055f3864310	Methylation: Primary Tumor	txt	COTC022-1022-T.CX_report.txt.gz	4886502100	DNA Methylation Analysis File	c75041c61aea723356d4fd82b5d17873	COTC022-1022-T		
file	9d774abd-6854-5c67-adc6-a0d644e61eaa	dg.4DFC/9d774abd-6854-5c67-adc6-a0d644e61eaa	Methylation: Primary Tumor	txt	COTC022-0220-T.CX_report.txt.gz	5258960318	DNA Methylation Analysis File	c6e5938e8ac5f14394e6b55c8bc7da44	COTC022-0220-T		
file	a18faf10-96c0-58c6-a93b-8e7a06e31b23	dg.4DFC/a18faf10-96c0-58c6-a93b-8e7a06e31b23	Methylation: Primary Tumor	txt	COTC022-1006-T.CX_report.txt.gz	4880831739	DNA Methylation Analysis File	ffccfe33f16fd0729af0dfdb2dfa2edf	COTC022-1006-T		
file	a574440e-1670-5b0a-88b2-386b73a0d7b3	dg.4DFC/a574440e-1670-5b0a-88b2-386b73a0d7b3	Methylation: Primary Tumor	txt	COTC022-0613-T.CX_report.txt.gz	5169508842	DNA Methylation Analysis File	2f4e6490e110fa5e0d5f8abd84fde8fc	COTC022-0613-T		
file	a99316eb-1db0-55cf-a3f6-be31fe1a663f	dg.4DFC/a99316eb-1db0-55cf-a3f6-be31fe1a663f	Methylation: Primary Tumor	txt	COTC022-0616-T.CX_report.txt.gz	5187356753	DNA Methylation Analysis File	66cbfd99c1d5857cbc752cb5c0853053	COTC022-0616-T		
file	aa1a2e94-949e-53d7-b47c-dcf23fceab38	dg.4DFC/aa1a2e94-949e-53d7-b47c-dcf23fceab38	Methylation: Primary Tumor	txt	COTC022-2303-T.CX_report.txt.gz	5127244057	DNA Methylation Analysis File	4306f3e44ca8d8294024a13194fdc09a	COTC022-2303-T		
file	b66abd0b-2a12-5613-a25d-76ff38c1ed8f	dg.4DFC/b66abd0b-2a12-5613-a25d-76ff38c1ed8f	Methylation: Primary Tumor	txt	COTC022-1412-T.CX_report.txt.gz	5052961338	DNA Methylation Analysis File	76cbd2b4aae8041defcd63834bc48fd6	COTC022-1412-T		
file	d275b785-e17b-53e1-8776-0235d0e6fdf1	dg.4DFC/d275b785-e17b-53e1-8776-0235d0e6fdf1	Methylation: Primary Tumor	txt	COTC022-0227-T.CX_report.txt.gz	4873788818	DNA Methylation Analysis File	aa9b64d85139f1e33aa061c8757fd2c1	COTC022-0227-T		
file	d737b43f-592b-5f80-b6b2-c020660249ef	dg.4DFC/d737b43f-592b-5f80-b6b2-c020660249ef	Methylation: Primary Tumor	txt	COTC022-0512-T.CX_report.txt.gz	5262534411	DNA Methylation Analysis File	c81e454b10eaf99245eea535c5d30dbe	COTC022-0512-T		
file	d81c7b61-a3dd-5603-a10e-7835efcd83cf	dg.4DFC/d81c7b61-a3dd-5603-a10e-7835efcd83cf	Methylation: Primary Tumor	txt	COTC022-2308-T.CX_report.txt.gz	5148154535	DNA Methylation Analysis File	65d1037e993e072c7b7cf6341e9377ff	COTC022-2308-T		
file	ded28110-4005-5ae4-a927-814dd8f0e0ce	dg.4DFC/ded28110-4005-5ae4-a927-814dd8f0e0ce	Methylation: Primary Tumor	txt	COTC022-0212-T.CX_report.txt.gz	5386625105	DNA Methylation Analysis File	2ac4883928b07d6c7202da98d82a4559	COTC022-0212-T		
file	e46d3833-802c-547b-9916-5f5ed281099d	dg.4DFC/e46d3833-802c-547b-9916-5f5ed281099d	Methylation: Primary Tumor	txt	COTC022-1107-T.CX_report.txt.gz	5121826890	DNA Methylation Analysis File	8ed111a9dc0634fa4f2f6e86aac879e7	COTC022-1107-T		
file	e73d5e88-b6cc-5cb4-bdd8-a5915b36b0b9	dg.4DFC/e73d5e88-b6cc-5cb4-bdd8-a5915b36b0b9	Methylation: Primary Tumor	txt	COTC022-1012-T.CX_report.txt.gz	4732890389	DNA Methylation Analysis File	4790a8cbe92662f43100e6e5168aab3c	COTC022-1012-T		
file	67d75842-4f4a-5193-a265-6f030bee755b		RNA-Seq: Primary Tumor	gz	135_0102_tumor_S142_R1_001.fastq.gz	925781083	RNA Sequence File	d7a3dc89a78b387f092ac9586204d0af	COTC022-0102-T		
file	ab6cab64-7af6-5537-b7bc-527a42433293		RNA-Seq: Primary Tumor	gz	135_0102_tumor_S142_R2_001.fastq.gz	972440137	RNA Sequence File	60dc12222deb66424147526932a0d769	COTC022-0102-T		
file	8a060ed5-ccd8-5f0e-8792-cff25ab9fbfc		RNA-Seq: Primary Tumor	gz	137_0106_tumor_S81_R1_001.fastq.gz	1185928618	RNA Sequence File	3f6f32512e423068713ab29ba28cd5e3	COTC022-0106-T		
file	fad43315-8b77-5567-a023-eb5e30c4c4b2		RNA-Seq: Primary Tumor	gz	137_0106_tumor_S81_R2_001.fastq.gz	1260900634	RNA Sequence File	a5197119ebb393b9e0ad263816b6a6cf	COTC022-0106-T		
file	99ebc08a-2fcf-55d7-9509-ef7592620095		RNA-Seq: Primary Tumor	gz	1_0202_tumor_S1_R1_001.fastq.gz	2167010285	RNA Sequence File	fa7e361e6dc6c8b28b9ff815cd194a20	COTC022-0202-T		
file	88fc247d-73e4-5b79-b7f4-567a668b97bf		RNA-Seq: Primary Tumor	gz	1_0202_tumor_S1_R2_001.fastq.gz	2331381073	RNA Sequence File	6121a97ae021027952d4bda22ae03771	COTC022-0202-T		
file	71ba0e1d-7fe3-5ea0-aafa-6f182b4188f9		RNA-Seq: Primary Tumor	gz	87_0204_tumor_S107_R1_001.fastq.gz	1057818922	RNA Sequence File	629beca203e518f2260c7c1dfff87773	COTC022-0204-T		
file	e9952acd-ca9c-5efe-9cb3-64d98aa3a1e7		RNA-Seq: Primary Tumor	gz	87_0204_tumor_S107_R2_001.fastq.gz	1113788140	RNA Sequence File	a158e2ed783620b3c8f3121afbb14e65	COTC022-0204-T		
file	94f58dc1-16b1-55c1-af9f-3b08d97e40d0		RNA-Seq: Primary Tumor	gz	66_0206_tumor_S45_R1_001.fastq.gz	853469734	RNA Sequence File	bcf7e46aa73821c333d643bcfbc3eee7	COTC022-0206-T		
file	a7616ca4-96b4-5de2-8ccb-aab38f5fb298		RNA-Seq: Primary Tumor	gz	66_0206_tumor_S45_R2_001.fastq.gz	908736892	RNA Sequence File	c8d7ea281faedc91267ceb272228b66f	COTC022-0206-T		
file	19e00f0c-a0e0-538f-9425-989fc97512cb		RNA-Seq: Primary Tumor	gz	68_0210_tumor_S49_R1_001.fastq.gz	649468136	RNA Sequence File	152e387ac4c13fb6a8b825eead771a10	COTC022-0210-T		
file	5460a072-2d5e-575c-b08a-f4e6a2bba340		RNA-Seq: Primary Tumor	gz	68_0210_tumor_S49_R2_001.fastq.gz	689454041	RNA Sequence File	5baeb8c219a8f022bae2903cf4302d27	COTC022-0210-T		
file	f1fb6557-ba03-5e52-ae04-f57097417537		RNA-Seq: Primary Tumor	gz	3_0212_Tumor_S3_R1_001.fastq.gz	2019384197	RNA Sequence File	b2c57a919777fc6a377c44f48297b0f3	COTC022-0212-T		
file	ad712213-d3d1-5e57-b800-d702e85ca334		RNA-Seq: Primary Tumor	gz	3_0212_Tumor_S3_R2_001.fastq.gz	2141361054	RNA Sequence File	f250971edf0bff7bdba2cbc5feed7c10	COTC022-0212-T		
file	6eb366ad-68ef-51e8-bca2-48cd4d5b53b2		RNA-Seq: Primary Tumor	gz	4_0214_Tumor_S4_R1_001.fastq.gz	1710876835	RNA Sequence File	01ebe09725aad30f380f98089dcd8eac	COTC022-0214-T		
file	07ea44b9-0cb2-5deb-bf7a-3d4f1a26d8d1		RNA-Seq: Primary Tumor	gz	4_0214_Tumor_S4_R2_001.fastq.gz	1835987601	RNA Sequence File	99fa51d25a2bef3219db746d03043e4e	COTC022-0214-T		
file	d38e1ba6-5864-5964-a99e-fdfaac58c7e1		RNA-Seq: Primary Tumor	gz	89_0216_tumor_S108_R1_001.fastq.gz	1086443763	RNA Sequence File	ca9a15d938907721b20c46b0b3e49b78	COTC022-0216-T		
file	ad3a905c-133f-5fe8-9fb2-4a87cb1b2b2f		RNA-Seq: Primary Tumor	gz	89_0216_tumor_S108_R2_001.fastq.gz	1152851290	RNA Sequence File	2ccea6e68dbc5b51976a6e432c130006	COTC022-0216-T		
file	7feb3d10-6346-50ad-8158-7626adfb112a		RNA-Seq: Primary Tumor	gz	5_0220_Tumor_S5_R1_001.fastq.gz	1690273055	RNA Sequence File	03e604621f78d5f437f9c87e389c23c3	COTC022-0220-T		
file	27e2b9b1-0e57-52f0-a206-6473353f20b4		RNA-Seq: Primary Tumor	gz	5_0220_Tumor_S5_R2_001.fastq.gz	1834005221	RNA Sequence File	88802ad0a0329ab971a4d37f33714dfb	COTC022-0220-T		
file	dc796fbc-4ce5-5551-b79f-4a960576fa28		RNA-Seq: Primary Tumor	gz	69_0222_tumor_S51_R1_001.fastq.gz	927802933	RNA Sequence File	01a4abc046a7165d8427d3ca954f941e	COTC022-0222-T		
file	592e1b1d-fbce-5d8e-a475-380cc44f5c35		RNA-Seq: Primary Tumor	gz	69_0222_tumor_S51_R2_001.fastq.gz	994522559	RNA Sequence File	30fe2e907859d558710f46f79360c1cb	COTC022-0222-T		
file	82f32674-7750-54b5-9876-ecd69ea5becb		RNA-Seq: Primary Tumor	gz	90_0224_tumor_S109_R1_001.fastq.gz	1200221651	RNA Sequence File	44bd1ad3d5753e261df6652963755122	COTC022-0224-T		
file	684c17b5-3718-54a2-a72f-65910e830bb8		RNA-Seq: Primary Tumor	gz	90_0224_tumor_S109_R2_001.fastq.gz	1268248367	RNA Sequence File	0b9dcd9d78aaa4d892155e30f44c394a	COTC022-0224-T		
file	9485fc46-dbfd-5da9-bbd4-11e99327b391		RNA-Seq: Primary Tumor	gz	70_0225_tumor_S70_R1_001.fastq.gz	1093586818	RNA Sequence File	fefd10e9278eecbe04c9f37a94abc404	COTC022-0225-T		
file	19a798a6-a0dd-5c79-8cd4-3b1142f0a099		RNA-Seq: Primary Tumor	gz	70_0225_tumor_S70_R2_001.fastq.gz	1146021821	RNA Sequence File	713bf8a8f096f46e070feb319e69f0f4	COTC022-0225-T		
file	481b21b6-5abb-5bc4-8aaa-3c6cc7ffc24e		RNA-Seq: Primary Tumor	gz	126_0228_tumor_S139_R1_001.fastq.gz	1118413084	RNA Sequence File	c9f59cad4299c8a7f6e6df9d271dda8a	COTC022-0228-T		
file	88f504db-dca3-5a00-9cb2-dc9d47c178f9		RNA-Seq: Primary Tumor	gz	126_0228_tumor_S139_R2_001.fastq.gz	1177979083	RNA Sequence File	cb27b157d45b95a52371d28784c3ddf3	COTC022-0228-T		
file	d69aa6b6-5cbc-5a6b-93ed-f1a0e7946a05		RNA-Seq: Primary Tumor	gz	98_0306_tumor_S117_R1_001.fastq.gz	990352124	RNA Sequence File	95628dea159f6b59fbbb9263012d0696	COTC022-0306-T		
file	335843c6-d3be-5f06-b7a6-0a369a157e66		RNA-Seq: Primary Tumor	gz	98_0306_tumor_S117_R2_001.fastq.gz	1048252068	RNA Sequence File	40e4c67300337e8378f4dd9dad5e87e3	COTC022-0306-T		
file	bf4f3f2e-83cb-5fb6-b350-b4128983caf4		RNA-Seq: Primary Tumor	gz	99_0318_tumor_S118_R1_001.fastq.gz	1093172267	RNA Sequence File	366a55b93eb9a6bbef00c221985b8b63	COTC022-0318-T		
file	b512f549-fcee-5d29-8988-54ed6490452d		RNA-Seq: Primary Tumor	gz	99_0318_tumor_S118_R2_001.fastq.gz	1161043997	RNA Sequence File	0776c373045e8403edace268cca241f2	COTC022-0318-T		
file	8aa85b5d-f4e6-5672-9e1f-7d765f1c1bee		RNA-Seq: Primary Tumor	gz	91_0402_tumor_S110_R1_001.fastq.gz	1416193051	RNA Sequence File	c7aaf15610b050a413f2a64ac78e23fd	COTC022-0402-T		
file	8b5796dc-ec86-5067-80f7-1491b9c2ee0a		RNA-Seq: Primary Tumor	gz	91_0402_tumor_S110_R2_001.fastq.gz	1500686346	RNA Sequence File	aa60d90589bef43c36be577bf3ac9d8c	COTC022-0402-T		
file	d4e03a75-b49d-5552-b2d7-8f9d5d539208		RNA-Seq: Primary Tumor	gz	92_0404_tumor_S111_R1_001.fastq.gz	995474161	RNA Sequence File	7268b6dc15a5e662aabce1355d904177	COTC022-0404-T		
file	7caa496b-8e76-5c0a-921d-1616cdcfd7a0		RNA-Seq: Primary Tumor	gz	92_0404_tumor_S111_R2_001.fastq.gz	1049982387	RNA Sequence File	0e1dbb86a51b84be9a34d320834ed145	COTC022-0404-T		
file	39585ca5-15e9-52ab-bbed-655ec8023a89		RNA-Seq: Primary Tumor	gz	93_0406_tumor_S112_R1_001.fastq.gz	1185415130	RNA Sequence File	43fb14d377f3bfae2f90a15b7918e0bc	COTC022-0406-T		
file	e7e1d611-cce9-5532-9b26-69f13e9729d3		RNA-Seq: Primary Tumor	gz	93_0406_tumor_S112_R2_001.fastq.gz	1259851354	RNA Sequence File	8f029f01c5f396469daec9ac02892045	COTC022-0406-T		
file	6ec79424-a89c-531e-a009-b056e24e9fed		RNA-Seq: Primary Tumor	gz	94_0410_tumor_S113_R1_001.fastq.gz	1022997090	RNA Sequence File	8748b9bc0d07e5c83cbc619b5d9aafc4	COTC022-0410-T		
file	c35388fc-9902-57bb-946a-eddad721c6e6		RNA-Seq: Primary Tumor	gz	94_0410_tumor_S113_R2_001.fastq.gz	1087189319	RNA Sequence File	6567c660874aed9f7f008079ae59d10a	COTC022-0410-T		
file	27a7030c-aacf-50af-869f-1753f415e7a7		RNA-Seq: Primary Tumor	gz	95_0411_tumor_S114_R1_001.fastq.gz	1108461781	RNA Sequence File	919e4f09f489ff449d1ce8d7dee3270e	COTC022-0411-T		
file	2f85ea9f-4f50-5e68-b36b-49a76fbd0e8f		RNA-Seq: Primary Tumor	gz	95_0411_tumor_S114_R2_001.fastq.gz	1173739010	RNA Sequence File	4dff3d357ba61c549efd33ac7ee57a93	COTC022-0411-T		
file	c98ce552-1b44-509c-acc8-b0c44704db7d		RNA-Seq: Primary Tumor	gz	112_0502_tumor_S92_R1_001.fastq.gz	1143326325	RNA Sequence File	b7cc19e126ac36fb8cfa9212266699eb	COTC022-0502-T		
file	cb8791c4-d69c-55f9-801a-8633596ff1c8		RNA-Seq: Primary Tumor	gz	112_0502_tumor_S92_R2_001.fastq.gz	1221097099	RNA Sequence File	9010c2e0d256c21563e0fd34e4f2a9d8	COTC022-0502-T		
file	97071aa6-9c5d-5fcc-af4e-8a9e482e4fa9		RNA-Seq: Primary Tumor	gz	122_0504_tumor_S136_R1_001.fastq.gz	923050719	RNA Sequence File	a24ad127a65f6efeb6034d7d948e12dc	COTC022-0504-T		
file	5749e319-37bc-568e-9a90-dcfc3e061298		RNA-Seq: Primary Tumor	gz	122_0504_tumor_S136_R2_001.fastq.gz	965435407	RNA Sequence File	b103b9eb61336950449a6e164e1b0276	COTC022-0504-T		
file	eaab2b16-0626-5add-9877-120bfe4b92be		RNA-Seq: Primary Tumor	gz	116_0506_tumor_S131_R1_001.fastq.gz	1089679504	RNA Sequence File	cc3d4fa1b6a3a8aaacf5508ba077eae7	COTC022-0506-T		
file	3f34d17f-0b4d-5178-bb93-8ad807090110		RNA-Seq: Primary Tumor	gz	116_0506_tumor_S131_R2_001.fastq.gz	1144514928	RNA Sequence File	7e0d7d20511572948438ab3368cc3d4d	COTC022-0506-T		
file	2a60f939-cb70-5f8b-8902-02e3b3b36b6a		RNA-Seq: Primary Tumor	gz	9_0510_Tumor_S9_R1_001.fastq.gz	1950925663	RNA Sequence File	050246d0464eddbdfad2ea536bef85bf	COTC022-0510-T		
file	b72e17ff-e206-5d72-8fdc-271e6a7972bc		RNA-Seq: Primary Tumor	gz	9_0510_Tumor_S9_R2_001.fastq.gz	2079115340	RNA Sequence File	1192e94c9ab7e209ebfcaa12c375b5ed	COTC022-0510-T		
file	7417df34-ddaa-542d-b571-68be561e7f47		RNA-Seq: Primary Tumor	gz	10_0512_Tumor_S10_R1_001.fastq.gz	1704771792	RNA Sequence File	08820fa81f2ac21251a2e5ad947ccd65	COTC022-0512-T		
file	79717c28-8560-5e40-92a6-132c25d2ddfe		RNA-Seq: Primary Tumor	gz	10_0512_Tumor_S10_R2_001.fastq.gz	1807792503	RNA Sequence File	83e7c3e6834bce76ac25de89ed3d5a03	COTC022-0512-T		
file	258ec57f-6902-5bee-b704-82771d70695a		RNA-Seq: Primary Tumor	gz	100_0514_tumor_S119_R1_001.fastq.gz	1079701546	RNA Sequence File	dcc499c566d011fac464a3d4bbf3b767	COTC022-0514-T		
file	6ff68663-563d-5dce-a41d-cd2d98d20463		RNA-Seq: Primary Tumor	gz	100_0514_tumor_S119_R2_001.fastq.gz	1148954468	RNA Sequence File	ef06254bbc5e46908634d1bc584d0fa6	COTC022-0514-T		
file	33e56235-a157-5c2c-93ae-1e590f8f4b34		RNA-Seq: Primary Tumor	gz	119_0516_tumor_S73_R1_001.fastq.gz	921262776	RNA Sequence File	c6a805c9e0ba17f4fe6c3e580d7c5b4a	COTC022-0516-T		
file	a23ea68b-3f44-52b7-aeea-11ec0ded4242		RNA-Seq: Primary Tumor	gz	119_0516_tumor_S73_R2_001.fastq.gz	974995997	RNA Sequence File	f88de8d4e005866247b22c39f7b40e6d	COTC022-0516-T		
file	bcd160dc-8f46-583f-b260-a59e4f32a56b		RNA-Seq: Primary Tumor	gz	101_0518_tumor_S120_R1_001.fastq.gz	781376305	RNA Sequence File	7e47de62f83dd53799a12ca60514dd63	COTC022-0518-T		
file	107bf316-b226-59b3-959a-2b00a7f35e3f		RNA-Seq: Primary Tumor	gz	101_0518_tumor_S120_R2_001.fastq.gz	823608639	RNA Sequence File	e6ae962e82322cd5e9f8eab72476326e	COTC022-0518-T		
file	fac6d958-5774-5542-92aa-e77307b3e100		RNA-Seq: Primary Tumor	gz	110_0522_tumor_S127_R1_001.fastq.gz	1084949330	RNA Sequence File	96ff38a3c4441271ae553d6283a09d14	COTC022-0522-T		
file	12227c8c-6fda-559e-b8ba-85cdf03cb1ca		RNA-Seq: Primary Tumor	gz	110_0522_tumor_S127_R2_001.fastq.gz	1138518558	RNA Sequence File	1f46729b898129e1a001764e8995ac10	COTC022-0522-T		
file	b883e7c3-1959-516a-bcf6-cd792616dc79		RNA-Seq: Primary Tumor	gz	11_0602_Tumor_S11_R1_001.fastq.gz	2084986521	RNA Sequence File	97a79223a850fcca1983d796bde45ca3	COTC022-0602-T		
file	333c58f7-03e4-56dc-bd4a-776bf4c5d1c3		RNA-Seq: Primary Tumor	gz	11_0602_Tumor_S11_R2_001.fastq.gz	2234755966	RNA Sequence File	f6adc75e55fcc169822bdfa0b3c1e3d5	COTC022-0602-T		
file	43a40766-e8e2-59de-b4e3-ec184cf3a0ab		RNA-Seq: Primary Tumor	gz	96_0606_tumor_S115_R1_001.fastq.gz	886603801	RNA Sequence File	cdb4e30190a8ed209479dc650db42d27	COTC022-0606-T		
file	6c32612a-b142-54ab-802d-33acad791256		RNA-Seq: Primary Tumor	gz	96_0606_tumor_S115_R2_001.fastq.gz	937872936	RNA Sequence File	6685969195feed032371170639bed1de	COTC022-0606-T		
file	46389749-e861-5469-b4bb-50bf42098f89		RNA-Seq: Primary Tumor	gz	12_0608_Tumor_S12_R1_001.fastq.gz	1820789334	RNA Sequence File	7f2e60debea3638ddec22cfe49509adc	COTC022-0608-T		
file	4f1d9918-273d-54bc-9d44-7bce9040b48b		RNA-Seq: Primary Tumor	gz	12_0608_Tumor_S12_R2_001.fastq.gz	1945931368	RNA Sequence File	dc615fb510bb9689c417cb303b49d7b9	COTC022-0608-T		
file	39b6ee2d-0b50-5ab7-a0f1-d90c65c57b91		RNA-Seq: Primary Tumor	gz	13_0613_Tumor_S13_R1_001.fastq.gz	1900482939	RNA Sequence File	dd3e8558834d87c0a8a28667f372451c	COTC022-0613-T		
file	66455560-2299-5de7-ab0c-217ff2360031		RNA-Seq: Primary Tumor	gz	13_0613_Tumor_S13_R2_001.fastq.gz	2048263215	RNA Sequence File	3ddbdc32520cd4163767c9bd87d09057	COTC022-0613-T		
file	9d4677fb-3317-54b9-b461-10d55af2d814		RNA-Seq: Primary Tumor	gz	14_0614_Tumor_S14_R1_001.fastq.gz	1881567436	RNA Sequence File	f66846cd245b03a70e1f6b675f9a7ce2	COTC022-0614-T		
file	00e3cd53-0d24-58c8-862d-4337e5f8016c		RNA-Seq: Primary Tumor	gz	14_0614_Tumor_S14_R2_001.fastq.gz	2009699205	RNA Sequence File	b894e91e05ed50e8fdd67f934faae969	COTC022-0614-T		
file	6373cf03-f052-5a88-8915-9518eeb7eb25		RNA-Seq: Primary Tumor	gz	15_0615_Tumor_S15_R1_001.fastq.gz	1882188059	RNA Sequence File	e5a6d1ac9c4e998098d6b2614cc48bdc	COTC022-0615-T		
file	30520bfa-b267-572a-ad45-21134f7966c7		RNA-Seq: Primary Tumor	gz	15_0615_Tumor_S15_R2_001.fastq.gz	2023993708	RNA Sequence File	fcaa8b2cded8bfece5cad1bd7a59e998	COTC022-0615-T		
file	66efb3cd-10b5-50b2-8070-9b9c884fe85b		RNA-Seq: Primary Tumor	gz	16_0616_Tumor_S16_R1_001.fastq.gz	1937286971	RNA Sequence File	6cefcd2d21bf8e30c0a665bf8e267917	COTC022-0616-T		
file	d3b74da6-2dfe-5c03-8d07-1354528ae4db		RNA-Seq: Primary Tumor	gz	16_0616_Tumor_S16_R2_001.fastq.gz	2077479008	RNA Sequence File	0f2c10abc68759d4c71f2460bdb7595c	COTC022-0616-T		
file	1848421e-e33f-5465-966a-f3c3fb3b4649		RNA-Seq: Primary Tumor	gz	102_0619_tumor_S121_R1_001.fastq.gz	1078875608	RNA Sequence File	d861c65ffa6a73eb4a826825074b2645	COTC022-0619-T		
file	94f5014c-0987-5a54-8978-264a5f5f0a56		RNA-Seq: Primary Tumor	gz	102_0619_tumor_S121_R2_001.fastq.gz	1150626759	RNA Sequence File	15d7bb774c5c421253dab1cbfa903816	COTC022-0619-T		
file	217a615e-040b-5dd6-913b-5be8a46911a6		RNA-Seq: Primary Tumor	gz	17_0620_Tumor_S17_R1_001.fastq.gz	1907233741	RNA Sequence File	0fbc8740e157a4f28651ebd2bd255ca0	COTC022-0620-T		
file	7e7b93fa-290b-5b9d-9d27-65837b00bdb7		RNA-Seq: Primary Tumor	gz	17_0620_Tumor_S17_R2_001.fastq.gz	2045530887	RNA Sequence File	d3217fd49edd8418750ec8a7288d5e92	COTC022-0620-T		
file	c43b8a61-2e4a-5fb1-8db1-99bc2b315040		RNA-Seq: Primary Tumor	gz	103_0639_tumor_S90_R1_001.fastq.gz	841393793	RNA Sequence File	29e3eff432fd10bb4532dcc8fa204164	COTC022-0639-T		
file	0af50ac9-1e73-53f5-ad02-f5f72da6e0eb		RNA-Seq: Primary Tumor	gz	103_0639_tumor_S90_R2_001.fastq.gz	882307664	RNA Sequence File	a2b10a5e4652e001678d3272524e1891	COTC022-0639-T		
file	caf3176f-98de-5013-8941-f08068a47d67		RNA-Seq: Primary Tumor	gz	23_0642_Tumor_S23_R1_001.fastq.gz	2087846092	RNA Sequence File	9d33f23707e15e57d332e85cd9419b4e	COTC022-0642-T		
file	a0d8f7f3-6efc-588f-bea8-2a2b364b75f5		RNA-Seq: Primary Tumor	gz	23_0642_Tumor_S23_R2_001.fastq.gz	2223712734	RNA Sequence File	34d08d6c961af11cb92bd07a3751210f	COTC022-0642-T		
file	84fcc5f3-2c9e-5824-a92f-580cc91083cd		RNA-Seq: Primary Tumor	gz	104_0702_tumor_S122_R1_001.fastq.gz	963363027	RNA Sequence File	7216aa2cf6bc71054fb0f41c2922a633	COTC022-0702-T		
file	a8ed666c-1a7d-5163-a038-d487fb63f7d2		RNA-Seq: Primary Tumor	gz	104_0702_tumor_S122_R2_001.fastq.gz	1017107570	RNA Sequence File	c1dc6d2aac32b146ff4cd4a0f52ca01b	COTC022-0702-T		
file	9c600262-570b-5b1a-82ba-a59af94469b1		RNA-Seq: Primary Tumor	gz	24_0704_Tumor_S24_R1_001.fastq.gz	2000771303	RNA Sequence File	495044a05d460834537da70708230cca	COTC022-0704-T		
file	2958e4de-12c0-545c-a4ec-a28ead090034		RNA-Seq: Primary Tumor	gz	24_0704_Tumor_S24_R2_001.fastq.gz	2127216831	RNA Sequence File	88b51281731e0dd484b27765a08cc274	COTC022-0704-T		
file	399f2464-b973-5795-883e-4c81eac5d5bc		RNA-Seq: Primary Tumor	gz	25_0706_Tumor_S25_R1_001.fastq.gz	2014642400	RNA Sequence File	e14e46fa46a20b73814de4c5d50300ee	COTC022-0706-T		
file	7770f6c6-1596-50f5-9aa9-e279ac3b1d76		RNA-Seq: Primary Tumor	gz	25_0706_Tumor_S25_R2_001.fastq.gz	2168902127	RNA Sequence File	7c2f8dc3f042033f41d4c2482656222a	COTC022-0706-T		
file	f9e15438-1d07-5ff0-8df2-06c475963263		RNA-Seq: Primary Tumor	gz	105_0710_tumor_S91_R1_001.fastq.gz	902183352	RNA Sequence File	94942bb1b75e777ec73ad982f674237b	COTC022-0710-T		
file	56a74ce7-3306-5217-b125-bd62f3c870de		RNA-Seq: Primary Tumor	gz	105_0710_tumor_S91_R2_001.fastq.gz	951375320	RNA Sequence File	2ac3b6d8f4d28f1a2f06fa7dcba53ffe	COTC022-0710-T		
file	c1536771-c92d-50c5-95de-4bb82837d914		RNA-Seq: Primary Tumor	gz	88_0712_tumor_S89_R1_001.fastq.gz	816160755	RNA Sequence File	13f73244585a422d2d0739716c5d262c	COTC022-0712-T		
file	fd1e4824-d70a-54c4-8977-55ce16d6d7f1		RNA-Seq: Primary Tumor	gz	88_0712_tumor_S89_R2_001.fastq.gz	872357706	RNA Sequence File	6ed8a48d37d149cc6ecea2a674913d3c	COTC022-0712-T		
file	d2cfcc12-e130-58e7-a9b4-631ad03801ce		RNA-Seq: Primary Tumor	gz	106_0716_tumor_S123_R1_001.fastq.gz	1048391635	RNA Sequence File	87ab4dd1ade34a6daaf593f338d211cd	COTC022-0716-T		
file	aeac697e-b3cb-5441-bec1-3fc91b449e0a		RNA-Seq: Primary Tumor	gz	106_0716_tumor_S123_R2_001.fastq.gz	1098710543	RNA Sequence File	28b2e51560aa112975bfbdff9be234e6	COTC022-0716-T		
file	8f687fbb-4e36-5496-9ed7-955ce983bae5		RNA-Seq: Primary Tumor	gz	107_0719_tumor_S124_R1_001.fastq.gz	939166095	RNA Sequence File	4eff51b23a41bd89d6665bd0b4e9b0f7	COTC022-0719-T		
file	30d74048-b56c-5e1d-907d-2b4c81642d37		RNA-Seq: Primary Tumor	gz	107_0719_tumor_S124_R2_001.fastq.gz	986174313	RNA Sequence File	77d2971e1ddd771a6e06ba742f6958b5	COTC022-0719-T		
file	6850a76a-b5f5-5e99-af0d-23ac0274e82d		RNA-Seq: Primary Tumor	gz	108_0720_tumor_S125_R1_001.fastq.gz	989377757	RNA Sequence File	e228d8d7caefa606da2fda9c0a8aa8bd	COTC022-0720-T		
file	284157d4-a128-5fb9-bb3c-bf844f42eb0f		RNA-Seq: Primary Tumor	gz	108_0720_tumor_S125_R2_001.fastq.gz	1048211905	RNA Sequence File	2705e3ac6d3e2fa73c5a7432f8dac13c	COTC022-0720-T		
file	9f15ede6-4ecb-567f-a77a-338d186615d0		RNA-Seq: Primary Tumor	gz	109_0721_tumor_S126_R1_001.fastq.gz	1200035996	RNA Sequence File	cd3279394a19912860e121a358c03b04	COTC022-0721-T		
file	1a51f324-317e-5c5f-b8a1-165f5a2ffb8a		RNA-Seq: Primary Tumor	gz	109_0721_tumor_S126_R2_001.fastq.gz	1269805097	RNA Sequence File	864edd7273e531b297110f681200d315	COTC022-0721-T		
file	4b073b57-314c-5476-b84c-f73f59fc1ca1		RNA-Seq: Primary Tumor	gz	29_0729_Tumor_S29_R1_001.fastq.gz	1845134132	RNA Sequence File	3f071237a5a26351aa3d6db652b4a1ad	COTC022-0729-T		
file	22481769-aac9-53ac-942e-bbd0ce179843		RNA-Seq: Primary Tumor	gz	29_0729_Tumor_S29_R2_001.fastq.gz	1976202486	RNA Sequence File	f6579ffec4f71f4fa0e456b820ccce23	COTC022-0729-T		
file	863fef07-f914-5d5c-b9ef-28a6bdbc8512		RNA-Seq: Primary Tumor	gz	139_0733_tumor_S83_R1_001.fastq.gz	734973074	RNA Sequence File	dd6d62ea64a8c872792f8abe949a3cde	COTC022-0733-T		
file	7bece415-e1c1-599f-b73b-229fd95e583a		RNA-Seq: Primary Tumor	gz	139_0733_tumor_S83_R2_001.fastq.gz	792162521	RNA Sequence File	a9ea82a974135436058c8336d77dd4c2	COTC022-0733-T		
file	64fd2f09-7bee-5abc-9a7f-e6832a3e40d3		RNA-Seq: Primary Tumor	gz	32_0904_Tumor_S32_R1_001.fastq.gz	1974749622	RNA Sequence File	df32b4572907c0d37833634357f75aa3	COTC022-0904-T		
file	9769f02f-df55-56e0-a56c-071aba15887a		RNA-Seq: Primary Tumor	gz	32_0904_Tumor_S32_R2_001.fastq.gz	2125832236	RNA Sequence File	32554a4a2bd141c294523382e79df5c1	COTC022-0904-T		
file	a18432c3-e3f5-559d-ae94-e92e687822d6		RNA-Seq: Primary Tumor	gz	140_0905_tumor_S84_R1_001.fastq.gz	902561621	RNA Sequence File	781f4262d51f8d1539fc19b55ba2e538	COTC022-0905-T		
file	ab2d8e94-abfa-58e0-9f9f-0bda924a2b31		RNA-Seq: Primary Tumor	gz	140_0905_tumor_S84_R2_001.fastq.gz	956766108	RNA Sequence File	8cbcc34f4b87bfb58ada81452db2daf6	COTC022-0905-T		
file	c72e1c04-b78b-50c8-b5bf-2ac3f222f39b		RNA-Seq: Primary Tumor	gz	133_0907_tumor_S79_R1_001.fastq.gz	1206050946	RNA Sequence File	96a196d9b6bfcf7341ff2c0108e24cec	COTC022-0907-T		
file	c9325f4a-1975-54d5-889c-fddd11bbc6fb		RNA-Seq: Primary Tumor	gz	133_0907_tumor_S79_R2_001.fastq.gz	1273203069	RNA Sequence File	c23b1d2de24e9acff100aca6db712e06	COTC022-0907-T		
file	0e819a9f-90f1-509f-a87a-de9c07feb42e		RNA-Seq: Primary Tumor	gz	33_1002_Tumor_S33_R1_001.fastq.gz	1870644680	RNA Sequence File	68b2bcf8c1a108ecdccaf5cdde5220e5	COTC022-1002-T		
file	7d3e9846-5b32-534b-9f0b-4ffd3e070c9e		RNA-Seq: Primary Tumor	gz	33_1002_Tumor_S33_R2_001.fastq.gz	1993502409	RNA Sequence File	2e8b87bd9f140d500426e7681db88eb9	COTC022-1002-T		
file	e3b20ab2-4892-5efb-88ef-c3757ee208f8		RNA-Seq: Primary Tumor	gz	34_1004_Tumor_S34_R1_001.fastq.gz	1791647872	RNA Sequence File	eb3b6185a7bd89d5cd3b8ac6b300da21	COTC022-1004-T		
file	d907a233-73f9-565c-976f-48e03cd088a2		RNA-Seq: Primary Tumor	gz	34_1004_Tumor_S34_R2_001.fastq.gz	1918281632	RNA Sequence File	e07a3dc3199d1eddba50da4b0b0a7ca7	COTC022-1004-T		
file	337123c9-421e-58c4-b398-27508e85fe5e		RNA-Seq: Primary Tumor	gz	113_1010_tumor_S93_R1_001.fastq.gz	794798339	RNA Sequence File	cbc4eddac381b593f99f146a68141210	COTC022-1010-T		
file	781a7c55-7886-5a18-a75c-89d496357235		RNA-Seq: Primary Tumor	gz	113_1010_tumor_S93_R2_001.fastq.gz	851137980	RNA Sequence File	8d0eefa0a3489e62c86032a0328d7c4c	COTC022-1010-T		
file	dac0f142-58eb-5309-b621-d6d6507a16fa		RNA-Seq: Primary Tumor	gz	117_1011_tumor_S132_R1_001.fastq.gz	1189914820	RNA Sequence File	b5d33e7d50e2348b32725d89d8af615b	COTC022-1011-T		
file	0207bd88-8b09-5fe7-9616-6c9c24e39a3f		RNA-Seq: Primary Tumor	gz	117_1011_tumor_S132_R2_001.fastq.gz	1266627250	RNA Sequence File	4940aed14e54932b83167d59b8e3e860	COTC022-1011-T		
file	a401403e-4620-5e52-99fa-b0639d077b37		RNA-Seq: Primary Tumor	gz	6_1012_Tumor_S3_R1_001.fastq.gz	926581592	RNA Sequence File	c91b394feb3d20388ca82387bb098ad8	COTC022-1012-T		
file	d46a21d3-bfce-58ae-86fe-9bc789718329		RNA-Seq: Primary Tumor	gz	6_1012_Tumor_S3_R2_001.fastq.gz	983169022	RNA Sequence File	2c07848944e3fde5767d34f285512e02	COTC022-1012-T		
file	bbdcb245-380c-5996-b81e-6b879b9ed4eb		RNA-Seq: Primary Tumor	gz	36_1014_Tumor_S36_R1_001.fastq.gz	1943770119	RNA Sequence File	57a786e8d6053a7c736a1b4206f835e7	COTC022-1014-T		
file	34eb8255-6f60-52a6-b14e-b4975618776d		RNA-Seq: Primary Tumor	gz	36_1014_Tumor_S36_R2_001.fastq.gz	2063838849	RNA Sequence File	0399ea3b3227f0ea530bef60c9ef5550	COTC022-1014-T		
file	e73c2212-4cb7-5a1f-898a-55e6ac5729b4		RNA-Seq: Primary Tumor	gz	38_1016_Tumor_S38_R1_001.fastq.gz	2048938925	RNA Sequence File	60e77d689f827850dbb55d23e1f873c8	COTC022-1016-T		
file	3a1fb59b-4f28-5b3a-9fca-90a90db64274		RNA-Seq: Primary Tumor	gz	38_1016_Tumor_S38_R2_001.fastq.gz	2188284412	RNA Sequence File	423082282e0f059cf5c9a249f8164234	COTC022-1016-T		
file	9262bc74-035e-5771-bbfe-75e850c443e2		RNA-Seq: Primary Tumor	gz	7_1022_Tumor_S10_R1_001.fastq.gz	1137007942	RNA Sequence File	c9ab4f05cf91bab297df735e8881d133	COTC022-1022-T		
file	9f0c3dd4-2eb7-5a1c-9673-b6631d6fe698		RNA-Seq: Primary Tumor	gz	7_1022_Tumor_S10_R2_001.fastq.gz	1205304094	RNA Sequence File	33c079a47da166c5fa718a978ff3c5b2	COTC022-1022-T		
file	153dfc44-da9e-5159-b31b-ddb41b11c1be		RNA-Seq: Primary Tumor	gz	128_1023_tumor_S76_R1_001.fastq.gz	711197303	RNA Sequence File	7f12e77f23f930ea97eb067f09d937ae	COTC022-1023-T		
file	54c6c741-7e19-5e63-a4c7-142db2b168d6		RNA-Seq: Primary Tumor	gz	128_1023_tumor_S76_R2_001.fastq.gz	749979904	RNA Sequence File	a6412866d72bfa6a09313f45bc90ec24	COTC022-1023-T		
file	3be52dfb-d959-5250-a2bc-a655d74b2cce		RNA-Seq: Primary Tumor	gz	132_1025_tumor_S78_R1_001.fastq.gz	844637470	RNA Sequence File	2ca7bc84e79c2053ee85d447e421920c	COTC022-1025-T		
file	2305c0fe-533b-5308-8ac5-ee12a7523e55		RNA-Seq: Primary Tumor	gz	132_1025_tumor_S78_R2_001.fastq.gz	887538480	RNA Sequence File	7f07abc92620a76268f06167730108dd	COTC022-1025-T		
file	d1f12684-6fb5-5abe-8ae5-10a6b406cb14		RNA-Seq: Primary Tumor	gz	40_1107_Tumor_S40_R1_001.fastq.gz	1659236017	RNA Sequence File	114afd7ce4d82ac5622eb7e592bbb9b8	COTC022-1107-T		
file	94d12922-2a98-5236-bd8f-0b765718c569		RNA-Seq: Primary Tumor	gz	40_1107_Tumor_S40_R2_001.fastq.gz	1774571405	RNA Sequence File	1ef61a1ec9220a9f0d642f70c30f6aca	COTC022-1107-T		
file	1c55343c-d67a-53e3-b732-33ba26e0e68f		RNA-Seq: Primary Tumor	gz	43_1410_Tumor_S43_R1_001.fastq.gz	1650995255	RNA Sequence File	0731c09ef4b63e504f53ad7075401b18	COTC022-1410-T		
file	ce58f9f9-c338-5eb9-8c67-2489d1d63beb		RNA-Seq: Primary Tumor	gz	43_1410_Tumor_S43_R2_001.fastq.gz	1773513491	RNA Sequence File	1eb71109554bcc0e965bedea39961efa	COTC022-1410-T		
file	775a5e2f-7170-5362-99bd-7d99a2214c79		RNA-Seq: Primary Tumor	gz	44_1412_Tumor_S44_R1_001.fastq.gz	1904584839	RNA Sequence File	bdcde9335219981831ff06ed68eb879f	COTC022-1412-T		
file	5076b11f-e31c-5a24-9b81-5671627ddfea		RNA-Seq: Primary Tumor	gz	44_1412_Tumor_S44_R2_001.fastq.gz	2039740985	RNA Sequence File	354a311c6af1aeae8cdfc5f4de4181f5	COTC022-1412-T		
file	c3854fc6-d3bd-5170-a86c-b0e222769fb8		RNA-Seq: Primary Tumor	gz	129_1414_tumor_S77_R1_001.fastq.gz	934032864	RNA Sequence File	4e2be5278c86f72a9ba29d290f9a9889	COTC022-1414-T		
file	e473bb52-0620-5ea5-8e0b-2f6d64045371		RNA-Seq: Primary Tumor	gz	129_1414_tumor_S77_R2_001.fastq.gz	988694495	RNA Sequence File	2b0cd78fd56cab1682512f7ea652168c	COTC022-1414-T		
file	d847733d-8c33-5204-bd76-51a3c4b45407		RNA-Seq: Primary Tumor	gz	114_1704_tumor_S129_R1_001.fastq.gz	884055379	RNA Sequence File	642669769a4fee05c0955a320c54b2b8	COTC022-1704-T		
file	1692c226-35a4-5b88-acfe-88a315af4239		RNA-Seq: Primary Tumor	gz	114_1704_tumor_S129_R2_001.fastq.gz	928221040	RNA Sequence File	243d8f26a24e9a9d99f47c213dc60f5c	COTC022-1704-T		
file	a4cc475a-1443-5a18-bfdd-e4a2720cdab9		RNA-Seq: Primary Tumor	gz	141_1707_tumor_S85_R1_001.fastq.gz	1035914092	RNA Sequence File	f57d6b651d3adbf388d87484a13883d8	COTC022-1707-T		
file	8aa1ebb9-d2b0-5f0f-bc3d-6e81f7d0a261		RNA-Seq: Primary Tumor	gz	141_1707_tumor_S85_R2_001.fastq.gz	1093779660	RNA Sequence File	bb57d212885f314a955be789d6510605	COTC022-1707-T		
file	aba1f4c9-1985-5946-9d7f-93073111e61a		RNA-Seq: Primary Tumor	gz	111_1708_tumor_S128_R1_001.fastq.gz	1519850440	RNA Sequence File	d324659e61047a43961a8de4e20574f4	COTC022-1708-T		
file	334d9629-5260-54f0-aaac-1166f66fd643		RNA-Seq: Primary Tumor	gz	111_1708_tumor_S128_R2_001.fastq.gz	1602377830	RNA Sequence File	ad5387a09c8a141c1f88cbd0a975df37	COTC022-1708-T		
file	256b8c38-93b9-515c-9601-1564caa1912f		RNA-Seq: Primary Tumor	gz	47_1709_Tumor_S47_R1_001.fastq.gz	1605367112	RNA Sequence File	919b260e4e30ded1ac2f6bd71e1d41db	COTC022-1709-T		
file	6e2c1490-8f1a-5b91-87ca-5cde7245f4a1		RNA-Seq: Primary Tumor	gz	47_1709_Tumor_S47_R2_001.fastq.gz	1716531017	RNA Sequence File	29bb673a0d33e860f2d2d999ac364bda	COTC022-1709-T		
file	64e8e9b6-58e5-5a7e-85fd-6af43a8c58df		RNA-Seq: Primary Tumor	gz	142_1710_tumor_S86_R1_001.fastq.gz	762014737	RNA Sequence File	ff80a8c3b967fc2a93e13ba207ae9217	COTC022-1710-T		
file	ae90a779-ad5f-5e9e-8d4c-94141bbc12d7		RNA-Seq: Primary Tumor	gz	142_1710_tumor_S86_R2_001.fastq.gz	797719727	RNA Sequence File	83fb7b49d4a7f3c48715a89656f1bdab	COTC022-1710-T		
file	90cdaccb-bce6-5e4b-b7e0-5a76adf01614		RNA-Seq: Primary Tumor	gz	48_1712_Tumor_S48_R1_001.fastq.gz	1697461584	RNA Sequence File	ac2e6db7a59f584a8a7799a78b00fad7	COTC022-1712-T		
file	9f3a728d-6aaa-5fac-890a-57efc74ae14a		RNA-Seq: Primary Tumor	gz	48_1712_Tumor_S48_R2_001.fastq.gz	1826193563	RNA Sequence File	4f9ef52778b2ea5ad1c483733238e843	COTC022-1712-T		
file	bee96189-3140-551d-b03b-e2e411190b79		RNA-Seq: Primary Tumor	gz	49_1803_Tumor_S49_R1_001.fastq.gz	1940850175	RNA Sequence File	587db560c630e67f808b9307b82a2d53	COTC022-1803-T		
file	3476d2d3-1844-5ae8-bf57-fd909e137802		RNA-Seq: Primary Tumor	gz	49_1803_Tumor_S49_R2_001.fastq.gz	2073409868	RNA Sequence File	71824626e16d48b40cd0c6a6d0b31a28	COTC022-1803-T		
file	537e3416-702c-5037-98ee-2ed91405a601		RNA-Seq: Primary Tumor	gz	51_1902_Tumor_S51_R1_001.fastq.gz	1805353888	RNA Sequence File	c4c4533bbca43d1ca6f6763dec58e60d	COTC022-1902-T		
file	00432cc5-eba8-5a80-b5a6-f970242a64e0		RNA-Seq: Primary Tumor	gz	51_1902_Tumor_S51_R2_001.fastq.gz	1920369459	RNA Sequence File	8fe1b49120633f7cad1b4ae08a0a375e	COTC022-1902-T		
file	293b86d1-d124-57a1-8d79-e3ed599eb433		RNA-Seq: Primary Tumor	gz	143_1916_tumor_S87_R1_001.fastq.gz	661563290	RNA Sequence File	f14e9209806c5f9fecad63673d4ea057	COTC022-1916-T		
file	ebcfd001-6de2-58c8-9bdb-95adbae9cd77		RNA-Seq: Primary Tumor	gz	143_1916_tumor_S87_R2_001.fastq.gz	706675117	RNA Sequence File	6dbcf23918e78bc37d90eac5815049e8	COTC022-1916-T		
file	54992960-a6ac-5dbc-8a1a-fa80fc9e7a8a		RNA-Seq: Primary Tumor	gz	125_2004_tumor_S74_R1_001.fastq.gz	844527443	RNA Sequence File	78943293700ad62480cbc24ef83843b7	COTC022-2004-T		
file	62318069-a851-5b59-ab11-9c2c43be49f1		RNA-Seq: Primary Tumor	gz	125_2004_tumor_S74_R2_001.fastq.gz	893490238	RNA Sequence File	e9e32096adfe7fc16a389f8c3c748fc4	COTC022-2004-T		
file	632a56ba-5c99-5e6e-b096-122701ff4dab		RNA-Seq: Primary Tumor	gz	52_2006_Tumor_S52_R1_001.fastq.gz	1786960042	RNA Sequence File	1d9bb756c2b1ac8eff0c376c43dacd46	COTC022-2006-T		
file	35abe2b7-ac84-5a76-99bc-89844193cdc5		RNA-Seq: Primary Tumor	gz	52_2006_Tumor_S52_R2_001.fastq.gz	1910273197	RNA Sequence File	412d951d77e33b211a2a69b77d3ad9ad	COTC022-2006-T		
file	72636ced-9b1f-59fd-8470-a8cd9a02046c		RNA-Seq: Primary Tumor	gz	127_2010_tumor_S75_R1_001.fastq.gz	830510396	RNA Sequence File	5a9a69cc6af8867e979991392b5d45b8	COTC022-2010-T		
file	6479e564-d9f9-5557-93ae-0223402a1649		RNA-Seq: Primary Tumor	gz	127_2010_tumor_S75_R2_001.fastq.gz	889180622	RNA Sequence File	828839923f5cd6cbd67d0e0d34f14b01	COTC022-2010-T		
file	265af5e5-e74b-5b12-bd86-4304446204d8		RNA-Seq: Primary Tumor	gz	53_2011_Tumor_S53_R1_001.fastq.gz	1979390787	RNA Sequence File	0afaac7fafc8f65195584a9b22f87cc3	COTC022-2011-T		
file	560bc6cb-029d-571e-9e46-e11e9d29429c		RNA-Seq: Primary Tumor	gz	53_2011_Tumor_S53_R2_001.fastq.gz	2125559021	RNA Sequence File	d1453d0dfb4382685d3daa2ecd0b103b	COTC022-2011-T		
file	7af60d4b-a8b5-531c-93fd-be4db21b385f		RNA-Seq: Primary Tumor	gz	131_2012_tumor_S141_R1_001.fastq.gz	1135308260	RNA Sequence File	b58aa36f71df2882ca510bb658dd63eb	COTC022-2012-T		
file	886f4ce8-839d-5e6f-8b27-ede08cebd86f		RNA-Seq: Primary Tumor	gz	131_2012_tumor_S141_R2_001.fastq.gz	1201014691	RNA Sequence File	cdb3fb4c54a63a404c937bc6a175baee	COTC022-2012-T		
file	7e747b26-7d8b-58c5-ab1c-fce7dc2631d2		RNA-Seq: Primary Tumor	gz	8_2202_Tumor_S5_R1_001.fastq.gz	836768175	RNA Sequence File	c12e5508fabfaa63e51417b2025bca46	COTC022-2202-T		
file	c58f7a86-65b6-5add-809f-6257721a499b		RNA-Seq: Primary Tumor	gz	8_2202_Tumor_S5_R2_001.fastq.gz	895901524	RNA Sequence File	b553a09fc5276ed8fe91d0ff1fc2e6fa	COTC022-2202-T		
file	1c0e2a24-42fb-5734-b625-fc90d2fe8632		RNA-Seq: Primary Tumor	gz	134_2208_tumor_S80_R1_001.fastq.gz	773480988	RNA Sequence File	285d345860c625fafd9981067b93e7a2	COTC022-2208-T		
file	c71b6b95-e3c8-5260-b3ff-f40ddd5a47c2		RNA-Seq: Primary Tumor	gz	134_2208_tumor_S80_R2_001.fastq.gz	851570169	RNA Sequence File	032c237f0e8f2867fa79883a05e1db36	COTC022-2208-T		
file	75f65924-c7df-5427-adc2-24cc8be58dea		RNA-Seq: Primary Tumor	gz	54_2303_Tumor_S54_R1_001.fastq.gz	1911865184	RNA Sequence File	b0a48f7281b1fec6146eb15c26b5c665	COTC022-2303-T		
file	b9c6e90d-ed04-59ac-b3ff-7fededb8baeb		RNA-Seq: Primary Tumor	gz	54_2303_Tumor_S54_R2_001.fastq.gz	2047703069	RNA Sequence File	9874d848b65dffb3f00ed5b11f997341	COTC022-2303-T		
file	13df0039-9d16-5dbd-9f1d-3d6b5bf03781		RNA-Seq: Primary Tumor	gz	118_2304_tumor_S133_R1_001.fastq.gz	1145928190	RNA Sequence File	e34860d43a2ad17f2e9e073d3af3b029	COTC022-2304-T		
file	920aad4a-9704-5a02-ba2a-61b2b874fb20		RNA-Seq: Primary Tumor	gz	118_2304_tumor_S133_R2_001.fastq.gz	1207905231	RNA Sequence File	e738cd75bb23ab8c2f8775bc3a008c9d	COTC022-2304-T		
file	e249fdd4-a412-5d0c-8e61-89c9c2395525		RNA-Seq: Primary Tumor	gz	120_2306_tumor_S134_R1_001.fastq.gz	902642134	RNA Sequence File	ca6e0384a4e6b43e5dc3acec693722f9	COTC022-2306-T		
file	46124b09-cd1f-5fd9-9d73-8d20b633bd5c		RNA-Seq: Primary Tumor	gz	120_2306_tumor_S134_R2_001.fastq.gz	958839102	RNA Sequence File	198232e95d2dce5a99a2354904cb2e52	COTC022-2306-T		
file	2d9f80f3-50f6-5c0b-911e-cb10fa4531e8		RNA-Seq: Primary Tumor	gz	55_2308_Tumor_S55_R1_001.fastq.gz	2171049837	RNA Sequence File	eb44422be10d531f32d41181a22b10ae	COTC022-2308-T		
file	80748fb3-52cd-5028-9613-01376678f715		RNA-Seq: Primary Tumor	gz	55_2308_Tumor_S55_R2_001.fastq.gz	2298796152	RNA Sequence File	31a001e4c3a39da7bb1657b1108fff22	COTC022-2308-T		
file	37e13fa0-6fd5-5d11-b589-68114561b4b4		RNA-Seq: Primary Tumor	gz	123_2316_tumor_S137_R1_001.fastq.gz	942934889	RNA Sequence File	9f28224211d049233e4d7e0dba3d6402	COTC022-2316-T		
file	c7cb4cb2-3927-52c5-922f-d1c671efd287		RNA-Seq: Primary Tumor	gz	123_2316_tumor_S137_R2_001.fastq.gz	999154944	RNA Sequence File	3e61eba6531fce8936284ead077f7e47	COTC022-2316-T		
file	bfafddc4-e2f2-5ebc-8891-79cd20eea796		RNA-Seq: Primary Tumor	gz	115_2318_tumor_S130_R1_001.fastq.gz	869792500	RNA Sequence File	916881cc471970294110eda3b7160457	COTC022-2318-T		
file	31a75deb-8d6f-5c80-85b5-331120329650		RNA-Seq: Primary Tumor	gz	115_2318_tumor_S130_R2_001.fastq.gz	912585282	RNA Sequence File	937bab3ae5d775222d541c5c1e61180f	COTC022-2318-T		
file	7ab497d6-0130-5eae-8e84-c45d999f7c34		RNA-Seq: Primary Tumor	gz	121_2322_tumor_S135_R1_001.fastq.gz	1310452088	RNA Sequence File	be878a8f20884b78d8cacaafb6f7f0bf	COTC022-2322-T		
file	af706057-17b9-5562-bbe5-128720e90a47		RNA-Seq: Primary Tumor	gz	121_2322_tumor_S135_R2_001.fastq.gz	1376629454	RNA Sequence File	45e0699a349bc6bea1640ae5522366c7	COTC022-2322-T		
file	006ce84f-ade2-5181-8107-f842fc416c65		Nanostring	RCC	COTC022-1022-T.RCC	31450	NanoString nCounter Canine IO Analysis File	718b366f533e38ae150a4a10201898e8	COTC022-1022-T		dg.4DFC/006ce84f-ade2-5181-8107-f842fc416c65
file	0102d4a5-1102-5017-95b4-f9cb1885ab8c		Nanostring	RCC	COTC022-1006-M-S-Kidney.RCC	31307	NanoString nCounter Canine IO Analysis File	18b156a2047af1f638293e26ba2d12b4	COTC022-1006-M-S-Kidney		dg.4DFC/0102d4a5-1102-5017-95b4-f9cb1885ab8c
file	072acf38-1a2f-57e9-af2c-9566f7dfc7cf		Nanostring	RCC	COTC022-0904-M-F-T6.RCC	31169	NanoString nCounter Canine IO Analysis File	acbb51d5aeb888e9511def197617811d	COTC022-0904-M-F-T6		dg.4DFC/072acf38-1a2f-57e9-af2c-9566f7dfc7cf
file	093d6d9e-6e02-5571-b52d-2dc751eedf37		Nanostring	RCC	COTC022-0802-T-F-B.RCC	31290	NanoString nCounter Canine IO Analysis File	241bbd6c7c9c428a23e3495d9a333d00	COTC022-0802-T-F-B		dg.4DFC/093d6d9e-6e02-5571-b52d-2dc751eedf37
file	16c9519f-9fe8-5012-9a47-70003f9c488a		Nanostring	RCC	COTC022-0310-M-F-Rib.RCC	31645	NanoString nCounter Canine IO Analysis File	b24f452b8b08f9a04eacfe38fa7a0991	COTC022-0310-M-F-Rib		dg.4DFC/16c9519f-9fe8-5012-9a47-70003f9c488a
file	16f3cdaf-0ead-597d-b8d0-3a085c8b23c3		Nanostring	RCC	COTC022-1006-T.RCC	31256	NanoString nCounter Canine IO Analysis File	bd411a9f2ef3e27a3016d8ea1e69913f	COTC022-1006-T		dg.4DFC/16f3cdaf-0ead-597d-b8d0-3a085c8b23c3
file	1c034c46-839d-5a78-9579-e4a4f91adabe		Nanostring	RCC	COTC022-0318-M-F-Lung.RCC	30946	NanoString nCounter Canine IO Analysis File	fc1f0b75b52ec5964ebd2b57196039be	COTC022-0318-M-F-Lung		dg.4DFC/1c034c46-839d-5a78-9579-e4a4f91adabe
file	26c63ab8-3d1c-5444-b696-a13e5e396f98		Nanostring	RCC	COTC022-1006-M-F-Lung A.RCC	31628	NanoString nCounter Canine IO Analysis File	4281369d2c357ecd9b206393359f8cc7	COTC022-1006-M-F-Lung A		dg.4DFC/26c63ab8-3d1c-5444-b696-a13e5e396f98
file	33245f0a-6bad-53ae-ac08-fe6dca5f0ecb		Nanostring	RCC	COTC022-0312-M-F-Kidney.RCC	31361	NanoString nCounter Canine IO Analysis File	d3fa7e0471daad8e2e16c2f779115a91	COTC022-0312-M-F-Kidney		dg.4DFC/33245f0a-6bad-53ae-ac08-fe6dca5f0ecb
file	33d5291b-b3da-5aab-92c0-36a269b7abfe		Nanostring	RCC	COTC022-1022-M-F-Colon.RCC	31513	NanoString nCounter Canine IO Analysis File	04b3c0dd997cdfe674df533cc84e9d51	COTC022-1022-M-F-Colon		dg.4DFC/33d5291b-b3da-5aab-92c0-36a269b7abfe
file	34463134-e322-50ab-99b2-ace30a68715e		Nanostring	RCC	COTC022-0620-T-F-B.RCC	31163	NanoString nCounter Canine IO Analysis File	8aed0c2ef54d9ce6f6c69013223dafb9	COTC022-0620-T-F-B		dg.4DFC/34463134-e322-50ab-99b2-ace30a68715e
file	34b97762-583a-53de-b0ec-c65b938d905a		Nanostring	RCC	COTC022-2006-M-F-Lung 2.RCC	31756	NanoString nCounter Canine IO Analysis File	0fd867ceac73262bdf6efd3c9f4fb496	COTC022-2006-M-F-Lung 2		dg.4DFC/34b97762-583a-53de-b0ec-c65b938d905a
file	35ab5d20-b8a9-5ec0-a7c4-7630436463ee		Nanostring	RCC	COTC022-1012-T-F-B.RCC	31397	NanoString nCounter Canine IO Analysis File	82b4e9f587abb6f1f312da8a9ecbd846	COTC022-1012-T-F-B		dg.4DFC/35ab5d20-b8a9-5ec0-a7c4-7630436463ee
file	399a1620-8250-5fbe-b6a0-c1a14bc4940c		Nanostring	RCC	COTC022-0304-T.RCC	31407	NanoString nCounter Canine IO Analysis File	1a33dc26f053118748489ee7313fe312	COTC022-0304-T		dg.4DFC/399a1620-8250-5fbe-b6a0-c1a14bc4940c
file	39b6c314-1eca-5b99-8ee3-866f1f72e40f		Nanostring	RCC	COTC022-1022-M-F-Diaphragm.RCC	31517	NanoString nCounter Canine IO Analysis File	2f92ba267e8c4c06e328f28d3096b8e0	COTC022-1022-M-F-Diaphragm		dg.4DFC/39b6c314-1eca-5b99-8ee3-866f1f72e40f
file	3a57045a-e1d2-5f88-b48f-e0db657c70de		Nanostring	RCC	COTC022-0802-T.RCC	31620	NanoString nCounter Canine IO Analysis File	a12d53822b5cca1d1c8d31cfd5fc9270	COTC022-0802-T		dg.4DFC/3a57045a-e1d2-5f88-b48f-e0db657c70de
file	40102c2f-9c23-5150-87c0-dd15a708d897		Nanostring	RCC	COTC022-1402-M-F-Lung .RCC	31592	NanoString nCounter Canine IO Analysis File	44db81ff387d7638f1c78dabcd14dd24	COTC022-1402-M-F-Lung		dg.4DFC/40102c2f-9c23-5150-87c0-dd15a708d897
file	4b63f4c8-3dfd-5a2b-9821-2f31655a6755		Nanostring	RCC	COTC022-1022-M-S-Omentum.RCC	31510	NanoString nCounter Canine IO Analysis File	c0a158bb96f4e1819c97296c744e41bf	COTC022-1022-M-S-Omentum		dg.4DFC/4b63f4c8-3dfd-5a2b-9821-2f31655a6755
file	4cd1873e-79a0-5799-94dd-156e6a8984ed		Nanostring	RCC	COTC022-1006-M-F-Lung.RCC	31073	NanoString nCounter Canine IO Analysis File	ee31451a108d446b830064d08f61e938	COTC022-1006-M-F-Lung		dg.4DFC/4cd1873e-79a0-5799-94dd-156e6a8984ed
file	507ce6ee-6528-5c07-8eca-052c95f13a54		Nanostring	RCC	COTC022-0304-M-S-Lung.RCC	31743	NanoString nCounter Canine IO Analysis File	8fd32c6f21cc9c8dcf015ed7220bbaae	COTC022-0304-M-S-Lung		dg.4DFC/507ce6ee-6528-5c07-8eca-052c95f13a54
file	51755bf8-d00c-5728-b15e-a704e34af5ed		Nanostring	RCC	COTC022-0318-T-F-B.RCC	31396	NanoString nCounter Canine IO Analysis File	6fb4f8e212d7b50183f5a8dcf15ed36c	COTC022-0318-T-F-B		dg.4DFC/51755bf8-d00c-5728-b15e-a704e34af5ed
file	53d5a5ca-4cb9-55d1-834c-483c8bce6c57		Nanostring	RCC	COTC022-1006-M-S-Lung.RCC	31559	NanoString nCounter Canine IO Analysis File	90c3d61c20f671134f1448d608a2882c	COTC022-1006-M-S-Lung		dg.4DFC/53d5a5ca-4cb9-55d1-834c-483c8bce6c57
file	60a80790-a4d6-507f-b95e-79033abf81d7		Nanostring	RCC	COTC022-0312-M-F-Lung.RCC	31551	NanoString nCounter Canine IO Analysis File	57e9efbbeb9ce89728f445f208112fa1	COTC022-0312-M-F-Lung		dg.4DFC/60a80790-a4d6-507f-b95e-79033abf81d7
file	6c7dff62-1a04-5ef2-9891-b26cc1bc4ffd		Nanostring	RCC	COTC022-2202-M-F-Brain.RCC	31708	NanoString nCounter Canine IO Analysis File	deb13410000ff4dc1ac5eb59e9b1c2f7	COTC022-2202-M-F-Brain		dg.4DFC/6c7dff62-1a04-5ef2-9891-b26cc1bc4ffd
file	7668aba9-5932-5248-a666-328a71f273be		Nanostring	RCC	COTC022-1012-M-F-T11T13.RCC	31096	NanoString nCounter Canine IO Analysis File	91a2d7b5c09e442aa848a820b0be9cde	COTC022-1012-M-F-T11T13		dg.4DFC/7668aba9-5932-5248-a666-328a71f273be
file	77a03701-2b44-5856-a43f-0b573679e84c		Nanostring	RCC	COTC022-1022-M-F-Stomach.RCC	31642	NanoString nCounter Canine IO Analysis File	e495224ebef01f898520520434b4e04e	COTC022-1022-M-F-Stomach		dg.4DFC/77a03701-2b44-5856-a43f-0b573679e84c
file	7d86ab5d-b0e8-53fd-8f1d-a8caef43ce7f		Nanostring	RCC	COTC022-2006-T-F-B.RCC	31326	NanoString nCounter Canine IO Analysis File	07d23f61509e648ea5729b214d205d1e	COTC022-2006-T-F-B		dg.4DFC/7d86ab5d-b0e8-53fd-8f1d-a8caef43ce7f
file	7eb635dc-947b-5a5b-b24d-8af2d0612c8b		Nanostring	RCC	COTC022-2006-M-F-Lung 1.RCC	31792	NanoString nCounter Canine IO Analysis File	736598dbcd9e6e4c664ffbbda17e232d	COTC022-2006-M-F-Lung 1		dg.4DFC/7eb635dc-947b-5a5b-b24d-8af2d0612c8b
file	87c1b597-466f-50cb-96fc-6e8248016170		Nanostring	RCC	COTC022-1022-M-S-Lung-1.RCC	31483	NanoString nCounter Canine IO Analysis File	3716a0d8ca10a5794734ba9e3694c831	COTC022-1022-M-S-Lung-1		dg.4DFC/87c1b597-466f-50cb-96fc-6e8248016170
file	9856b7d5-9fa8-5bb1-bc2f-0a1bc6b9c00e		Nanostring	RCC	COTC022-0628-M-F-Brain.RCC	31460	NanoString nCounter Canine IO Analysis File	5be7c55af94cb2883194b1b87b782592	COTC022-0628-M-F-Brain		dg.4DFC/9856b7d5-9fa8-5bb1-bc2f-0a1bc6b9c00e
file	9bcd9d2e-cbb7-531c-bfa9-4e67d89ad9b2		Nanostring	RCC	COTC022-2202-M-F-Liver.RCC	31707	NanoString nCounter Canine IO Analysis File	85bee86fe5bdea897a784931d2652f45	COTC022-2202-M-F-Liver		dg.4DFC/9bcd9d2e-cbb7-531c-bfa9-4e67d89ad9b2
file	ac79d34a-e9fc-549f-b9a8-d6a58ec2126b		Nanostring	RCC	COTC022-0627-M-F-Lung.RCC	31383	NanoString nCounter Canine IO Analysis File	5f96a57f5f6815e5d34bc350d6385804	COTC022-0627-M-F-Lung		dg.4DFC/ac79d34a-e9fc-549f-b9a8-d6a58ec2126b
file	ae88f48b-7bc7-50e3-b1b1-40521101ca6d		Nanostring	RCC	COTC022-0227-M-F-Liver.RCC	31033	NanoString nCounter Canine IO Analysis File	515a76a054a8a495912b30ac22c9e3f5	COTC022-0227-M-F-Liver		dg.4DFC/ae88f48b-7bc7-50e3-b1b1-40521101ca6d
file	b09475c0-a3f3-58d2-9a03-78611b6c31dc		Nanostring	RCC	COTC022-0904-M-F-Heart.RCC	31341	NanoString nCounter Canine IO Analysis File	e79eac5bd3f2df3fec58be08ba5b9a67	COTC022-0904-M-F-Heart		dg.4DFC/b09475c0-a3f3-58d2-9a03-78611b6c31dc
file	b76eb61d-83aa-557d-9b20-d7dc6f655ba9		Nanostring	RCC	COTC022-0310-T-F-B.RCC	30895	NanoString nCounter Canine IO Analysis File	ff53d9d3fc14967cc564be5e181c5147	COTC022-0310-T-F-B		dg.4DFC/b76eb61d-83aa-557d-9b20-d7dc6f655ba9
file	bfe8e987-5005-5062-be58-b9760ffe3b25		Nanostring	RCC	COTC022-0620-M-F-Abd Mass.RCC	31320	NanoString nCounter Canine IO Analysis File	17aa3922204004ddb517ce6ce5d8fb6d	COTC022-0620-M-F-Abd Mass		dg.4DFC/bfe8e987-5005-5062-be58-b9760ffe3b25
file	c239197c-e2d4-572f-bcd9-3e3e04e026ac		Nanostring	RCC	COTC022-0802-M-S-Lung.RCC	31610	NanoString nCounter Canine IO Analysis File	cb2179a8c36da7e5b0cf2b01407b4bca	COTC022-0802-M-S-Lung		dg.4DFC/c239197c-e2d4-572f-bcd9-3e3e04e026ac
file	d0d91c1d-8f6e-56d2-8b28-e66a90d60bdc		Nanostring	RCC	COTC022-0628-M-F-Lung .RCC	31105	NanoString nCounter Canine IO Analysis File	f48757593bb665a95eedb9393fd9030b	COTC022-0628-M-F-Lung		dg.4DFC/d0d91c1d-8f6e-56d2-8b28-e66a90d60bdc
file	d6245de2-8064-5b81-b770-8f9bd4ebc559		Nanostring	RCC	COTC022-1006-M-F-Rib.RCC	31533	NanoString nCounter Canine IO Analysis File	d6f51015b258007f8a36a288a853028f	COTC022-1006-M-F-Rib		dg.4DFC/d6245de2-8064-5b81-b770-8f9bd4ebc559
file	d6e6e5c9-f880-52cb-8697-2d791a6d14bd		Nanostring	RCC	COTC022-0628-M-F-Kidney.RCC	31248	NanoString nCounter Canine IO Analysis File	36faaa8d8c9d36688f1ef531aa417a46	COTC022-0628-M-F-Kidney		dg.4DFC/d6e6e5c9-f880-52cb-8697-2d791a6d14bd
file	e21a7185-ef3d-5c1e-9197-99cb6d6c5022		Nanostring	RCC	COTC022-0227-M-F-T5.RCC	31265	NanoString nCounter Canine IO Analysis File	0c0d1bc70f591a9266bc522e63fe7623	COTC022-0227-M-F-T5		dg.4DFC/e21a7185-ef3d-5c1e-9197-99cb6d6c5022
file	ebb1c20e-e4f3-5ad4-876d-a608e49c337b		Nanostring	RCC	COTC022-1012-M-F-Rib.RCC	31068	NanoString nCounter Canine IO Analysis File	d1f71558362ba542aae3b60b375e9322	COTC022-1012-M-F-Rib		dg.4DFC/ebb1c20e-e4f3-5ad4-876d-a608e49c337b
file	fd502534-693a-540e-971e-6faf50981b02		Nanostring	RCC	COTC022-1022-M-S-Lung-2.RCC	31561	NanoString nCounter Canine IO Analysis File	a54efabbda2574ef07c8deb48c09a77a	COTC022-1022-M-S-Lung-2		dg.4DFC/fd502534-693a-540e-971e-6faf50981b02
file	fd6f72d7-e5c2-5e7e-8665-d0ea57d0baa1		Nanostring	RCC	COTC022-1006-T-F-B.RCC	31481	NanoString nCounter Canine IO Analysis File	e3277cfdfa63b351c7a5455ab8d8f8f4	COTC022-1006-T-F-B		dg.4DFC/fd6f72d7-e5c2-5e7e-8665-d0ea57d0baa1