type	uuid	crdc_id	file_description	file_format	file_name	file_size	file_type	md5sum	sample.sample_id
file	19d2ed1e-8b77-5e79-af65-375b8c0f42de	dg.4DFC/19d2ed1e-8b77-5e79-af65-375b8c0f42de	Methylation: Primary Tumor	txt	COTC021-0631-T.CX_report.txt.gz	5131629258	DNA Methylation Analysis File	c278c973e7610a8cc9854e89ba10a1c5	COTC021-0631-T
file	1b9935fc-d9a6-5d49-b015-7e696a9502fc	dg.4DFC/1b9935fc-d9a6-5d49-b015-7e696a9502fc	Methylation: Primary Tumor	txt	COTC021-1703-T.CX_report.txt.gz	5104383752	DNA Methylation Analysis File	1a55fc8b495b2ba08d61f2a29414f47d	COTC021-1703-T
file	1bbac80d-ffdc-5a8f-a441-dd11c4fc47ca	dg.4DFC/1bbac80d-ffdc-5a8f-a441-dd11c4fc47ca	Methylation: Primary Tumor	txt	COTC021-1407-T.CX_report.txt.gz	5264957314	DNA Methylation Analysis File	5c074b4d4ca75da6e6128a79a47c49bb	COTC021-1407-T
file	1c5f4c28-dc14-5a98-acc7-993ed7747345	dg.4DFC/1c5f4c28-dc14-5a98-acc7-993ed7747345	Methylation: Primary Tumor	txt	COTC021-1409-T.CX_report.txt.gz	4903791417	DNA Methylation Analysis File	9f1d7afcf4d9892d0f1c44f3e61118a6	COTC021-1409-T
file	1f61d8b3-98ef-549a-9f9e-65029f9169d8	dg.4DFC/1f61d8b3-98ef-549a-9f9e-65029f9169d8	Methylation: Primary Tumor	txt	COTC021-2312-T.CX_report.txt.gz	5209472251	DNA Methylation Analysis File	653728f74cca61b482bd5b53b0f16571	COTC021-2312-T
file	22400ff6-003a-5a3f-9867-0b6e060e227e	dg.4DFC/22400ff6-003a-5a3f-9867-0b6e060e227e	Methylation: Primary Tumor	txt	COTC021-0314-T.CX_report.txt.gz	5125709990	DNA Methylation Analysis File	cfebf7c19904838fa7d5a034464797e1	COTC021-0314-T
file	2b6b47c6-b922-590a-877c-fef6f54c16be	dg.4DFC/2b6b47c6-b922-590a-877c-fef6f54c16be	Methylation: Primary Tumor	txt	COTC021-0640-T.CX_report.txt.gz	5085110231	DNA Methylation Analysis File	27b6140ddb0a7fbe866353ae0f279fc7	COTC021-0640-T
file	306ef244-b4a2-5c89-a301-e9e780000ead	dg.4DFC/306ef244-b4a2-5c89-a301-e9e780000ead	Methylation: Primary Tumor	txt	COTC021-0335-T.CX_report.txt.gz	5089903372	DNA Methylation Analysis File	c01564f5f29e3acf2fc804e6d1606fc5	COTC021-0335-T
file	3657d596-7fe8-5e27-ae8a-9eebaf01d71a	dg.4DFC/3657d596-7fe8-5e27-ae8a-9eebaf01d71a	Methylation: Primary Tumor	txt	COTC021-0809-T.CX_report.txt.gz	4874247180	DNA Methylation Analysis File	d409b638263fc61da8d2ecc83c3335ee	COTC021-0809-T
file	51a5ec4d-7aa8-56bc-8a7e-48eb59f1b5bb	dg.4DFC/51a5ec4d-7aa8-56bc-8a7e-48eb59f1b5bb	Methylation: Primary Tumor	txt	COTC021-0621-T.CX_report.txt.gz	5159187633	DNA Methylation Analysis File	e91c74f94988916943b6a565b0ef0787	COTC021-0621-T
file	5455c99c-0e0e-5754-bbd9-67137c1458f2	dg.4DFC/5455c99c-0e0e-5754-bbd9-67137c1458f2	Methylation: Primary Tumor	txt	COTC021-0301-T.CX_report.txt.gz	5091153948	DNA Methylation Analysis File	394a6e5ee4264241c4e62de467ee5947	COTC021-0301-T
file	5755c6cc-1103-5358-8fdf-7534abc46022	dg.4DFC/5755c6cc-1103-5358-8fdf-7534abc46022	Methylation: Primary Tumor	txt	COTC021-0327-T.CX_report.txt.gz	4769328122	DNA Methylation Analysis File	a5acf74f14e2498e4c11fad50e520c9c	COTC021-0327-T
file	648daaf1-d189-5fc1-9c26-dd1efc816ed0	dg.4DFC/648daaf1-d189-5fc1-9c26-dd1efc816ed0	Methylation: Primary Tumor	txt	COTC021-0305-T.CX_report.txt.gz	5160587882	DNA Methylation Analysis File	1d87d45149870c7ac68c9aba2a4f404f	COTC021-0305-T
file	6fb13165-2a1c-5238-ba8b-427372725186	dg.4DFC/6fb13165-2a1c-5238-ba8b-427372725186	Methylation: Primary Tumor	txt	COTC021-0722-T.CX_report.txt.gz	5149548733	DNA Methylation Analysis File	6131e3463176230f549f0c91402f1c73	COTC021-0722-T
file	789ab395-96da-5343-888d-9d32e1e0f19f	dg.4DFC/789ab395-96da-5343-888d-9d32e1e0f19f	Methylation: Primary Tumor	txt	COTC021-1015-T.CX_report.txt.gz	5103358602	DNA Methylation Analysis File	c1356f73657eed65a1b738ee919dd66f	COTC021-1015-T
file	80e6731c-76f0-523e-89b1-8064040955a9	dg.4DFC/80e6731c-76f0-523e-89b1-8064040955a9	Methylation: Primary Tumor	txt	COTC021-0817-T.CX_report.txt.gz	5131048613	DNA Methylation Analysis File	2098b8a3aec50e20ad80b7d2598444ff	COTC021-0817-T
file	83d4d5f1-33f2-5f59-86d2-bce2624662cb	dg.4DFC/83d4d5f1-33f2-5f59-86d2-bce2624662cb	Methylation: Primary Tumor	txt	COTC021-0215-T.CX_report.txt.gz	4868841955	DNA Methylation Analysis File	34b28f2e7f27024a6cb0d4a38d7b3677	COTC021-0215-T
file	a824ab41-8c0f-5477-812c-81e76f9f56ee	dg.4DFC/a824ab41-8c0f-5477-812c-81e76f9f56ee	Methylation: Primary Tumor	txt	COTC021-0207-T.CX_report.txt.gz	5038766148	DNA Methylation Analysis File	b85132ca6f0a36283c112a5c0a912fa9	COTC021-0207-T
file	b53ea6a0-39cd-5652-9423-d743360811f0	dg.4DFC/b53ea6a0-39cd-5652-9423-d743360811f0	Methylation: Primary Tumor	txt	COTC021-0515-T.CX_report.txt.gz	5208322843	DNA Methylation Analysis File	8ffe34e03802fb20362c3ba1e8f23cbc	COTC021-0515-T
file	b95fb812-8a8d-5a59-a7b6-8ab1281d89b6	dg.4DFC/b95fb812-8a8d-5a59-a7b6-8ab1281d89b6	Methylation: Primary Tumor	txt	COTC021-0723-T.CX_report.txt.gz	5259095787	DNA Methylation Analysis File	f1a189d99844b4e066c74965ddec3937	COTC021-0723-T
file	bef33071-281d-5ddc-9a61-af1e5f0597db	dg.4DFC/bef33071-281d-5ddc-9a61-af1e5f0597db	Methylation: Primary Tumor	txt	COTC021-0309-T.CX_report.txt.gz	5236693104	DNA Methylation Analysis File	9d50854aa40e72e70e93d8e064cb4cfb	COTC021-0309-T
file	cf04e171-d78b-5d88-be99-32afc1185a94	dg.4DFC/cf04e171-d78b-5d88-be99-32afc1185a94	Methylation: Primary Tumor	txt	COTC021-1001-T.CX_report.txt.gz	5099022323	DNA Methylation Analysis File	690c05d93943a23b560ebff1d38767dd	COTC021-1001-T
file	cf944030-540e-5d33-ac22-0d95b8b71028	dg.4DFC/cf944030-540e-5d33-ac22-0d95b8b71028	Methylation: Primary Tumor	txt	COTC021-1007-T.CX_report.txt.gz	5070938287	DNA Methylation Analysis File	1c42a186deffdf05bfb271f27eb95866	COTC021-1007-T
file	d96922f2-5859-5c09-acbe-87381707b137	dg.4DFC/d96922f2-5859-5c09-acbe-87381707b137	Methylation: Primary Tumor	txt	COTC021-0814-T.CX_report.txt.gz	4737778113	DNA Methylation Analysis File	db0a4cc01dcc31cb0d81884b51984147	COTC021-0814-T
file	deff3fc3-712a-5fd7-80b5-37314475390e	dg.4DFC/deff3fc3-712a-5fd7-80b5-37314475390e	Methylation: Primary Tumor	txt	COTC021-0209-T.CX_report.txt.gz	5117706433	DNA Methylation Analysis File	b5dc1a9899296b760cbc22251cf68c75	COTC021-0209-T
file	f7600b2c-b350-5165-a55d-e61353ec64a8	dg.4DFC/f7600b2c-b350-5165-a55d-e61353ec64a8	Methylation: Primary Tumor	txt	COTC021-0311-T.CX_report.txt.gz	5200172903	DNA Methylation Analysis File	0dcf6be97d71f7f26cd612bf5341dfd4	COTC021-0311-T
file	f8374b1e-09b0-518d-9ddf-39076e3a65e7	dg.4DFC/f8374b1e-09b0-518d-9ddf-39076e3a65e7	Methylation: Primary Tumor	txt	COTC021-2317-T.CX_report.txt.gz	5263530215	DNA Methylation Analysis File	9f29aa01cf6be6f85dcf6206d5b59cdf	COTC021-2317-T
file	f9d8eef7-a035-520b-b1f1-c159a888cd83	dg.4DFC/f9d8eef7-a035-520b-b1f1-c159a888cd83	Methylation: Primary Tumor	txt	COTC021-0709-T.CX_report.txt.gz	5104148430	DNA Methylation Analysis File	005a95531e68775b61e2efb259d1bb24	COTC021-0709-T
file	0011f514-5bde-5dca-8ab1-3ed32f79705d	dg.4DFC/0011f514-5bde-5dca-8ab1-3ed32f79705d	Low pass WGS: Primary Tumor	bam	COTC021_2003_T.bam	7613165728	Whole Genome Sequence File	673285b432662b514c2888d873790786	COTC021-2003-T
file	0399f48d-6526-5a83-9ee7-87f8910d9693	dg.4DFC/0399f48d-6526-5a83-9ee7-87f8910d9693	Low pass WGS: Primary Tumor	bai	COTC021_0603_T.bam.bai	2323240	Whole Genome Sequence File	ade449271d2afbeee8cfc51276ffe015	COTC021-0603-T
file	04ccdd72-4929-5d62-83f8-eb80dc4de099	dg.4DFC/04ccdd72-4929-5d62-83f8-eb80dc4de099	Low pass WGS: Primary Tumor	bam	COTC021_1009_T.bam	7978533020	Whole Genome Sequence File	ef7831ba86f5c3f0dd49a7d8d1f94bef	COTC021-1009-T
file	0926db02-ad5c-51af-abdd-a61b7bab7631	dg.4DFC/0926db02-ad5c-51af-abdd-a61b7bab7631	Low pass WGS: Primary Tumor	bam	COTC021_2007_T.bam	9093333577	Whole Genome Sequence File	01d30617408d053587c48e94f41a3288	COTC021-2007-T
file	0a803090-9c79-5c07-902c-6cb98366e971	dg.4DFC/0a803090-9c79-5c07-902c-6cb98366e971	Low pass WGS: Primary Tumor	bam	COTC021_1905_T.bam	6978138210	Whole Genome Sequence File	9c6096c34e2490b0bcd5ff2048b310ce	COTC021-1905-T
file	0e134224-c84a-54c1-8143-f5206ae075d7	dg.4DFC/0e134224-c84a-54c1-8143-f5206ae075d7	Low pass WGS: Primary Tumor	bam	COTC021_0211_T.bam	5184909900	Whole Genome Sequence File	f79bfa2608d77eb7e931dd0a7633249f	COTC021-0211-T
file	0ffd86da-9a90-5782-96aa-4cc9c581b74b	dg.4DFC/0ffd86da-9a90-5782-96aa-4cc9c581b74b	Low pass WGS: Primary Tumor	bam	COTC021_0301_T.bam	5676403954	Whole Genome Sequence File	ee1ebb83338026d06f1f8bc9f94914c3	COTC021-0301-T
file	11d4cd86-b29c-5fc1-a87f-0f1eb7f5599b	dg.4DFC/11d4cd86-b29c-5fc1-a87f-0f1eb7f5599b	Low pass WGS: Primary Tumor	bai	COTC021_0717_T.bam.bai	2610152	Whole Genome Sequence File	a226673800794977d66ae79ea6758613	COTC021-0717-T
file	125124b1-2834-5cf4-870c-80bfbf5777c1	dg.4DFC/125124b1-2834-5cf4-870c-80bfbf5777c1	Low pass WGS: Primary Tumor	bai	COTC021_0509_T.bam.bai	2706384	Whole Genome Sequence File	49b93ee02c14635c56586e29f5f126ec	COTC021-0509-T
file	17b8c5ec-73fa-5480-a4b9-201289025b54	dg.4DFC/17b8c5ec-73fa-5480-a4b9-201289025b54	Low pass WGS: Primary Tumor	bam	COTC021_1903_T.bam	10806958347	Whole Genome Sequence File	97b1d3a239dc390cc4206e4755e9cf80	COTC021-1903-T
file	1b602358-b16d-529d-9855-3cc7e68660bf	dg.4DFC/1b602358-b16d-529d-9855-3cc7e68660bf	Low pass WGS: Primary Tumor	bai	COTC021_2003_T.bam.bai	2846448	Whole Genome Sequence File	37bf735883a2ad573f057ab0c7403d55	COTC021-2003-T
file	1bac476d-04a6-5bc2-9e40-27cf08a081e0	dg.4DFC/1bac476d-04a6-5bc2-9e40-27cf08a081e0	Low pass WGS: Primary Tumor	bai	COTC021_0519_T.bam.bai	2585296	Whole Genome Sequence File	51ffcb8419e7ee05ff3daee50eb6ae21	COTC021-0519-T
file	1bea562f-2df1-595b-8bf0-7d0ffb2271ac	dg.4DFC/1bea562f-2df1-595b-8bf0-7d0ffb2271ac	Low pass WGS: Primary Tumor	bam	COTC021_0631_T.bam	8334544026	Whole Genome Sequence File	b2e5cec0608f31b7e6374210712b118b	COTC021-0631-T
file	241b1ec1-7cde-5358-b738-ea5625c45945	dg.4DFC/241b1ec1-7cde-5358-b738-ea5625c45945	Low pass WGS: Primary Tumor	bai	COTC021_0329_T.bam.bai	2808880	Whole Genome Sequence File	e356a8eb8d83ee1df99c0952b498c4c4	COTC021-0329-T
file	25a7d89b-b773-51b7-9c51-70093c6e7e52	dg.4DFC/25a7d89b-b773-51b7-9c51-70093c6e7e52	Low pass WGS: Primary Tumor	bam	COTC021_0523_T.bam	7150914942	Whole Genome Sequence File	02438a3101d6c92299d176ced46f5873	COTC021-0523-T
file	26f1594b-64d1-5825-864a-713b6a194254	dg.4DFC/26f1594b-64d1-5825-864a-713b6a194254	Low pass WGS: Primary Tumor	bam	COTC021_1907_T.bam	6965399983	Whole Genome Sequence File	d9d2f513e9fe08474038af945057cf19	COTC021-1907-T
file	2701e1b0-5529-52e5-b52e-2a99f4d7b03b	dg.4DFC/2701e1b0-5529-52e5-b52e-2a99f4d7b03b	Low pass WGS: Primary Tumor	bai	COTC021_1419_T.bam.bai	2350120	Whole Genome Sequence File	d13a2cc330fe6d0136020e01cb6ec2c5	COTC021-1419-T
file	27dfe5b5-b4a5-52ac-b5a8-beac60019fd3	dg.4DFC/27dfe5b5-b4a5-52ac-b5a8-beac60019fd3	Low pass WGS: Primary Tumor	bai	COTC021_0705_T.bam.bai	2215360	Whole Genome Sequence File	885f8aa5dd1c69678a7ba8baf1835ed1	COTC021-0705-T
file	2e8a456e-361f-5d42-9a49-030dd2c4389a	dg.4DFC/2e8a456e-361f-5d42-9a49-030dd2c4389a	Low pass WGS: Primary Tumor	bai	COTC021_0625_T.bam.bai	2240168	Whole Genome Sequence File	d6350146b0614736a82de71cd9226dcd	COTC021-0625-T
file	2f43c16b-ad00-5319-b1d2-52249d8baa2d	dg.4DFC/2f43c16b-ad00-5319-b1d2-52249d8baa2d	Low pass WGS: Primary Tumor	bai	COTC021_0601_T.bam.bai	2361584	Whole Genome Sequence File	93f90fe951f2b6f12ac5a4600eab9f7d	COTC021-0601-T
file	32d89ebb-40d9-5a2d-bb6c-8562302891b6	dg.4DFC/32d89ebb-40d9-5a2d-bb6c-8562302891b6	Low pass WGS: Primary Tumor	bam	COTC021_0607_T.bam	7428712168	Whole Genome Sequence File	da476b8d042ceece9d8a89f951c69a4e	COTC021-0607-T
file	32eaca6c-cdcf-5344-8caf-740c27b53fb0	dg.4DFC/32eaca6c-cdcf-5344-8caf-740c27b53fb0	Low pass WGS: Primary Tumor	bam	COTC021_0709_T.bam	6515695569	Whole Genome Sequence File	64d24c35181091a5b21f8f763ac5e577	COTC021-0709-T
file	3b4827cc-58b1-53e7-a76a-40a85eb3a19b	dg.4DFC/3b4827cc-58b1-53e7-a76a-40a85eb3a19b	Low pass WGS: Primary Tumor	bam	COTC021_1024_T.bam	7092899330	Whole Genome Sequence File	7a4029f42f0e027fea0082e2a8f4f4f7	COTC021-1024-T
file	3d7c8a50-2647-5ed7-8346-555149caaed0	dg.4DFC/3d7c8a50-2647-5ed7-8346-555149caaed0	Low pass WGS: Primary Tumor	bai	COTC021_0815_T.bam.bai	2188200	Whole Genome Sequence File	955ee226fa2a3a03a68a575c866e679b	COTC021-0815-T
file	3e21edf4-3642-5677-916b-8e63771a30ba	dg.4DFC/3e21edf4-3642-5677-916b-8e63771a30ba	Low pass WGS: Primary Tumor	bam	COTC021_1003_T.bam	7263706305	Whole Genome Sequence File	d96d638e0500315cb3e7520ae94ba0dd	COTC021-1003-T
file	3fca4ae6-a4c1-5486-bf4d-e25b18c012f5	dg.4DFC/3fca4ae6-a4c1-5486-bf4d-e25b18c012f5	Low pass WGS: Primary Tumor	bam	COTC021_0303_T.bam	8431709291	Whole Genome Sequence File	f14e5ba1e3a7a386855c8c47b2d8c0bb	COTC021-0303-T
file	407d0f75-2409-5f0b-bb53-7494062bc5b3	dg.4DFC/407d0f75-2409-5f0b-bb53-7494062bc5b3	Low pass WGS: Primary Tumor	bai	COTC021_0515_T.bam.bai	2505440	Whole Genome Sequence File	cd5b79eef3b2d49cab508f35450e23d8	COTC021-0515-T
file	40fc735f-d73e-5443-b337-caf22e943917	dg.4DFC/40fc735f-d73e-5443-b337-caf22e943917	Low pass WGS: Primary Tumor	bai	COTC021_2215_T.bam.bai	2903064	Whole Genome Sequence File	638b54641983b764f36477bda2ab5aaf	COTC021-2215-T
file	4702403c-7492-5abd-8d96-dffadc1c6f3b	dg.4DFC/4702403c-7492-5abd-8d96-dffadc1c6f3b	Low pass WGS: Primary Tumor	bam	COTC021_0329_T.bam	8747737205	Whole Genome Sequence File	c3075a9f8cbb34c07b63a5d79381ad40	COTC021-0329-T
file	4732b7be-3beb-5c74-bd6d-5c23960c4ca0	dg.4DFC/4732b7be-3beb-5c74-bd6d-5c23960c4ca0	Low pass WGS: Primary Tumor	bai	COTC021_0523_T.bam.bai	7499704	Whole Genome Sequence File	2020eed260683b5f616163dbf12d0968	COTC021-0523-T
file	48286f64-8e7c-5e17-96d3-5329b01b3459	dg.4DFC/48286f64-8e7c-5e17-96d3-5329b01b3459	Low pass WGS: Primary Tumor	bam	COTC021_1415_T.bam	9023065240	Whole Genome Sequence File	86736e0941ef45f250c9ad5052e14cde	COTC021-1415-T
file	4d5265a4-e907-5b69-bd61-d86bfc559b9a	dg.4DFC/4d5265a4-e907-5b69-bd61-d86bfc559b9a	Low pass WGS: Primary Tumor	bai	COTC021_0803_T.bam.bai	2227072	Whole Genome Sequence File	032737ec372e9528c46da55a1f0d1792	COTC021-0803-T
file	4f956815-8824-5d7e-a537-ca9559f7f3f7	dg.4DFC/4f956815-8824-5d7e-a537-ca9559f7f3f7	Low pass WGS: Primary Tumor	bam	COTC021_0317_T.bam	5945281298	Whole Genome Sequence File	7dc2b7644c6382e04c5df7726d245cee	COTC021-0317-T
file	52450a0b-eaa1-57ee-be4e-b939fd3d197f	dg.4DFC/52450a0b-eaa1-57ee-be4e-b939fd3d197f	Low pass WGS: Primary Tumor	bai	COTC021_2307_T.bam.bai	7491280	Whole Genome Sequence File	bb59c18e8bc2ffdeeee1838476d51d95	COTC021-2307-T
file	53cdf2eb-8109-5b1b-8367-485e6493824f	dg.4DFC/53cdf2eb-8109-5b1b-8367-485e6493824f	Low pass WGS: Primary Tumor	bam	COTC021_0509_T.bam	7817927079	Whole Genome Sequence File	20da2118daa8885a177710e9e3c4fe53	COTC021-0509-T
file	57b88345-6129-50e4-b685-5bcca6577f8e	dg.4DFC/57b88345-6129-50e4-b685-5bcca6577f8e	Low pass WGS: Primary Tumor	bam	COTC021_1417_T.bam	7418261079	Whole Genome Sequence File	2ece3273e2a4c98139552263b1bce633	COTC021-1417-T
file	58ad8252-a84b-5909-b66b-913f69de499e	dg.4DFC/58ad8252-a84b-5909-b66b-913f69de499e	Low pass WGS: Primary Tumor	bam	COTC021_0405_T.bam	7110622602	Whole Genome Sequence File	3c0ccb67cb3b69925602864e787582b5	COTC021-0405-T
file	5a3b84f7-8722-561b-954d-7c9e8ed796f4	dg.4DFC/5a3b84f7-8722-561b-954d-7c9e8ed796f4	Low pass WGS: Primary Tumor	bai	COTC021_2009_T.bam.bai	2399928	Whole Genome Sequence File	ea8f8196d5c6a5809fa39f81ac279171	COTC021-2009-T
file	5a64439a-d949-5cfe-bdd9-02726751d8e7	dg.4DFC/5a64439a-d949-5cfe-bdd9-02726751d8e7	Low pass WGS: Primary Tumor	bam	COTC021_1713_T.bam	8646545564	Whole Genome Sequence File	ef12812eb50c3d50120e4a49653bfbd2	COTC021-1713-T
file	5b26b734-1422-53e2-b6dd-4ca10c8dd6f1	dg.4DFC/5b26b734-1422-53e2-b6dd-4ca10c8dd6f1	Low pass WGS: Primary Tumor	bai	COTC021_0317_T.bam.bai	2183776	Whole Genome Sequence File	d3aeabd19101a19d49409a4e4eeed83e	COTC021-0317-T
file	5c10e902-6d76-5400-bef0-33988c73604b	dg.4DFC/5c10e902-6d76-5400-bef0-33988c73604b	Low pass WGS: Primary Tumor	bai	COTC021_1024_T.bam.bai	2365056	Whole Genome Sequence File	761ce861fd135055501206dd9ce51509	COTC021-1024-T
file	60cf0586-0b83-5dfa-88fa-dd3b562afca8	dg.4DFC/60cf0586-0b83-5dfa-88fa-dd3b562afca8	Low pass WGS: Primary Tumor	bam	COTC021_0715_T.bam	7839429409	Whole Genome Sequence File	1b8d097c5d02caadafc7e9a174c48378	COTC021-0715-T
file	67f678f5-5a9d-5d5f-bf1e-0000db739b5d	dg.4DFC/67f678f5-5a9d-5d5f-bf1e-0000db739b5d	Low pass WGS: Primary Tumor	bam	COTC021_0511_T.bam	8890177708	Whole Genome Sequence File	de4b380323ca890f8ab528562a5ee343	COTC021-0511-T
file	6b8b33ab-c3d0-5568-b333-77d6266277dd	dg.4DFC/6b8b33ab-c3d0-5568-b333-77d6266277dd	Low pass WGS: Primary Tumor	bai	COTC021_0301_T.bam.bai	2222080	Whole Genome Sequence File	159d27324ebe6b93a78e13936d40da42	COTC021-0301-T
file	6b9b2485-e828-55c9-a8c6-d11d9301505c	dg.4DFC/6b9b2485-e828-55c9-a8c6-d11d9301505c	Low pass WGS: Primary Tumor	bam	COTC021_0307_T.bam	7739696221	Whole Genome Sequence File	1269ab6f4bb0f5ce0740015d2b80b860	COTC021-0307-T
file	726d1343-e268-5d3a-b8ed-480a26c530dc	dg.4DFC/726d1343-e268-5d3a-b8ed-480a26c530dc	Low pass WGS: Primary Tumor	bam	COTC021_1013_T.bam	6937205046	Whole Genome Sequence File	be1a728fc2f81d646eadaaf83d389a8e	COTC021-1013-T
file	7548ef14-bee0-5206-b56b-f94a2107f92e	dg.4DFC/7548ef14-bee0-5206-b56b-f94a2107f92e	Low pass WGS: Primary Tumor	bam	COTC021_0515_T.bam	6744755627	Whole Genome Sequence File	48bf0be6253214bc263ed884a9f8d1b0	COTC021-0515-T
file	7578b984-e05c-5aea-984c-4c0209c1e562	dg.4DFC/7578b984-e05c-5aea-984c-4c0209c1e562	Low pass WGS: Primary Tumor	bam	COTC021_1106_T.bam	2537536854	Whole Genome Sequence File	ee7b72baad511f19f42441deef7b9869	COTC021-1106-T
file	7820176f-4500-5b4d-8ce2-02c0424e23fa	dg.4DFC/7820176f-4500-5b4d-8ce2-02c0424e23fa	Low pass WGS: Primary Tumor	bam	COTC021_0603_T.bam	7262577606	Whole Genome Sequence File	361f8c9adf71d57b42df150fd8c34a69	COTC021-0603-T
file	79f908f6-ba61-59a7-859f-92ea7ca8c602	dg.4DFC/79f908f6-ba61-59a7-859f-92ea7ca8c602	Low pass WGS: Primary Tumor	bai	COTC021_0715_T.bam.bai	7506392	Whole Genome Sequence File	10ee70c947135a269d2986175c449e7e	COTC021-0715-T
file	7e5e0962-8303-5e8b-93c5-f4f90f618e93	dg.4DFC/7e5e0962-8303-5e8b-93c5-f4f90f618e93	Low pass WGS: Primary Tumor	bam	COTC021_0803_T.bam	7007572930	Whole Genome Sequence File	d68ec648b19cb20be020efe560a11dc2	COTC021-0803-T
file	7fe470ff-aa7d-53b6-8fdb-f7b8830ec468	dg.4DFC/7fe470ff-aa7d-53b6-8fdb-f7b8830ec468	Low pass WGS: Primary Tumor	bam	COTC021_0601_T.bam	6478777573	Whole Genome Sequence File	1e8b6c1d98e7707be975656d7a1c29ed	COTC021-0601-T
file	80120062-80a0-56ab-8aba-b8cde3b75aa6	dg.4DFC/80120062-80a0-56ab-8aba-b8cde3b75aa6	Low pass WGS: Primary Tumor	bai	COTC021_1905_T.bam.bai	2273224	Whole Genome Sequence File	43f026d432e3548346344ebd487f38e2	COTC021-1905-T
file	810ecb8a-18a0-5ad5-8180-ff615f779415	dg.4DFC/810ecb8a-18a0-5ad5-8180-ff615f779415	Low pass WGS: Primary Tumor	bam	COTC021_0105_T.bam	6341501908	Whole Genome Sequence File	af6813420a7d5461b907c0001a9bb09a	COTC021-0105-T
file	842e28fb-f7ad-5c37-895d-67f3d95b8212	dg.4DFC/842e28fb-f7ad-5c37-895d-67f3d95b8212	Low pass WGS: Primary Tumor	bai	COTC021_0511_T.bam.bai	3466920	Whole Genome Sequence File	92132001773b9fbc681e56e7c5269051	COTC021-0511-T
file	853632c6-0e8f-5557-b7b4-b91eff9ae188	dg.4DFC/853632c6-0e8f-5557-b7b4-b91eff9ae188	Low pass WGS: Primary Tumor	bai	COTC021_1903_T.bam.bai	4934176	Whole Genome Sequence File	201edeb1752f3866c379f9fdf63a014e	COTC021-1903-T
file	88d9a5a8-de61-57f6-8b62-3337469a610e	dg.4DFC/88d9a5a8-de61-57f6-8b62-3337469a610e	Low pass WGS: Primary Tumor	bai	COTC021_2317_T.bam.bai	2285088	Whole Genome Sequence File	c6567aa019a04d4bd4fde2f4fce190b5	COTC021-2317-T
file	8aa88af3-4579-50a1-9928-789ead1b76a7	dg.4DFC/8aa88af3-4579-50a1-9928-789ead1b76a7	Low pass WGS: Primary Tumor	bai	COTC021_1415_T.bam.bai	3550808	Whole Genome Sequence File	169378d36b45b84d17bd0aad57c4630f	COTC021-1415-T
file	8b1b4f91-eb70-5106-be68-66061bcfa369	dg.4DFC/8b1b4f91-eb70-5106-be68-66061bcfa369	Low pass WGS: Primary Tumor	bam	COTC021_0643_T.bam	7651932291	Whole Genome Sequence File	35ed3889296dafd96612e0ce6c5ee905	COTC021-0643-T
file	8f4d10b3-fd2d-5c9e-a6a2-1aba3bd8ef64	dg.4DFC/8f4d10b3-fd2d-5c9e-a6a2-1aba3bd8ef64	Low pass WGS: Primary Tumor	bam	COTC021_0717_T.bam	7420853168	Whole Genome Sequence File	6fa62285867101ce7b3cc37e12c0a2dc	COTC021-0717-T
file	91257396-1cd5-5fba-974f-55352ee05c80	dg.4DFC/91257396-1cd5-5fba-974f-55352ee05c80	Low pass WGS: Primary Tumor	bam	COTC021_0701_T.bam	7223181885	Whole Genome Sequence File	c874d54b34213e26a659d261d11b04c0	COTC021-0701-T
file	9418814f-ba65-54f2-ab64-67a25124ebf5	dg.4DFC/9418814f-ba65-54f2-ab64-67a25124ebf5	Low pass WGS: Primary Tumor	bam	COTC021_0705_T.bam	6869764014	Whole Genome Sequence File	9ea0c24a7a76935576fc82c3a2f1235c	COTC021-0705-T
file	9524e795-8d69-50f8-9b2f-691d151c9bf3	dg.4DFC/9524e795-8d69-50f8-9b2f-691d151c9bf3	Low pass WGS: Primary Tumor	bam	COTC021_0314_T.bam	5405270478	Whole Genome Sequence File	aba0d67fc9a7bf0a7b4e42deeb5701c6	COTC021-0314-T
file	96a8ff5e-8f3e-53c6-a2ba-992ba4043e9b	dg.4DFC/96a8ff5e-8f3e-53c6-a2ba-992ba4043e9b	Low pass WGS: Primary Tumor	bai	COTC021_1013_T.bam.bai	2516376	Whole Genome Sequence File	9887465c0894bb0570af524154fc7d02	COTC021-1013-T
file	98dcce8c-d4af-525b-bc53-4d81b83466b5	dg.4DFC/98dcce8c-d4af-525b-bc53-4d81b83466b5	Low pass WGS: Primary Tumor	bai	COTC021_0505_T.bam.bai	2305896	Whole Genome Sequence File	bf7b5909c3f6ef58270b5514df8210b7	COTC021-0505-T
file	9b01a399-5671-50a3-a3fb-12798d6f6789	dg.4DFC/9b01a399-5671-50a3-a3fb-12798d6f6789	Low pass WGS: Primary Tumor	bai	COTC021_2205_T.bam.bai	2337656	Whole Genome Sequence File	4d8aba901a80ac03ae4ae14369a0f7cd	COTC021-2205-T
file	9ca687e9-2fb6-52a7-b896-0c3f85647258	dg.4DFC/9ca687e9-2fb6-52a7-b896-0c3f85647258	Low pass WGS: Primary Tumor	bai	COTC021_0607_T.bam.bai	2674504	Whole Genome Sequence File	212714414d186052f2018eda1bbd48ab	COTC021-0607-T
file	a362c22f-5227-5afd-bdf8-8351ce495368	dg.4DFC/a362c22f-5227-5afd-bdf8-8351ce495368	Low pass WGS: Primary Tumor	bam	COTC021_2307_T.bam	6841734947	Whole Genome Sequence File	163399cb0b19ffe5d874d3e30196628c	COTC021-2307-T
file	a3fce2d8-1e58-55cb-9164-1efe20064fd3	dg.4DFC/a3fce2d8-1e58-55cb-9164-1efe20064fd3	Low pass WGS: Primary Tumor	bai	COTC021_0517_T.bam.bai	2398664	Whole Genome Sequence File	4616fbee08252bc39c191e4ac15c616a	COTC021-0517-T
file	a5c31df5-4b56-579e-b56a-fce8ef792f7a	dg.4DFC/a5c31df5-4b56-579e-b56a-fce8ef792f7a	Low pass WGS: Primary Tumor	bai	COTC021_0524_T.bam.bai	2835880	Whole Genome Sequence File	1aa946d5aaab6936a28172951077070e	COTC021-0524-T
file	a7d5d7bb-ddcd-5064-8881-a0c124c92fc7	dg.4DFC/a7d5d7bb-ddcd-5064-8881-a0c124c92fc7	Low pass WGS: Primary Tumor	bam	COTC021_0524_T.bam	8471538604	Whole Genome Sequence File	fed4a85fa415ad638ac8c17689ecc35b	COTC021-0524-T
file	aa04c963-2056-5c6c-b326-ca5a81eede39	dg.4DFC/aa04c963-2056-5c6c-b326-ca5a81eede39	Low pass WGS: Primary Tumor	bam	COTC021_2215_T.bam	7870515910	Whole Genome Sequence File	61d3f3d62eaaf3a51fc59158c5221401	COTC021-2215-T
file	ac47da47-9f96-5bb7-a2d6-9b8321f037f6	dg.4DFC/ac47da47-9f96-5bb7-a2d6-9b8321f037f6	Low pass WGS: Primary Tumor	bam	COTC021_2205_T.bam	6972649693	Whole Genome Sequence File	99dc815ca9434697e8968c00a4672729	COTC021-2205-T
file	aef0fefc-28be-5177-98e2-eca979e8e411	dg.4DFC/aef0fefc-28be-5177-98e2-eca979e8e411	Low pass WGS: Primary Tumor	bai	COTC021_1106_T.bam.bai	2075264	Whole Genome Sequence File	cc43079395dd710eb5b5bff4e05ae096	COTC021-1106-T
file	b205f8eb-b109-5d6c-b7c2-c6978a7fbf7d	dg.4DFC/b205f8eb-b109-5d6c-b7c2-c6978a7fbf7d	Low pass WGS: Primary Tumor	bai	COTC021_0643_T.bam.bai	2730984	Whole Genome Sequence File	fd0e9cb959b7c4764c188a286c3bf528	COTC021-0643-T
file	b7e9b803-52ab-5c39-9b45-a264d71b124d	dg.4DFC/b7e9b803-52ab-5c39-9b45-a264d71b124d	Low pass WGS: Primary Tumor	bai	COTC021_1007_T.bam.bai	4201992	Whole Genome Sequence File	40e0153314745c6ba97df41126195a3f	COTC021-1007-T
file	b8b9870a-cd13-5347-9a3a-4c85b7c2be16	dg.4DFC/b8b9870a-cd13-5347-9a3a-4c85b7c2be16	Low pass WGS: Primary Tumor	bai	COTC021_0713_T.bam.bai	2207832	Whole Genome Sequence File	4ae41335b15487aed15c58533b6bcfe0	COTC021-0713-T
file	b93295d0-2099-5790-a5fa-825943caab81	dg.4DFC/b93295d0-2099-5790-a5fa-825943caab81	Low pass WGS: Primary Tumor	bai	COTC021_1009_T.bam.bai	3020944	Whole Genome Sequence File	e32c828a81f6e7bcce069bf9583beea3	COTC021-1009-T
file	ba1df5a1-99ce-526a-b74a-0b14c4c2e712	dg.4DFC/ba1df5a1-99ce-526a-b74a-0b14c4c2e712	Low pass WGS: Primary Tumor	bam	COTC021_2321_T.bam	6791300766	Whole Genome Sequence File	38765aa9f994964383047e02aa7817e0	COTC021-2321-T
file	ba43e6b7-0348-56a7-9e90-35b45f705a54	dg.4DFC/ba43e6b7-0348-56a7-9e90-35b45f705a54	Low pass WGS: Primary Tumor	bam	COTC021_1005_T.bam	8074128698	Whole Genome Sequence File	96dffead69a6debd5ba93a25327315c4	COTC021-1005-T
file	babb5040-35e9-562c-9cd2-9c985813ea39	dg.4DFC/babb5040-35e9-562c-9cd2-9c985813ea39	Low pass WGS: Primary Tumor	bai	COTC021_0405_T.bam.bai	2293672	Whole Genome Sequence File	0738753ec112ddba1b5f6896b5adb093	COTC021-0405-T
file	be3f7c8a-1681-515e-b3ae-187f4e6f43ba	dg.4DFC/be3f7c8a-1681-515e-b3ae-187f4e6f43ba	Low pass WGS: Primary Tumor	bai	COTC021_0303_T.bam.bai	3008872	Whole Genome Sequence File	5fcc054df3123f939823e0ec281555c4	COTC021-0303-T
file	c2ef5bcd-b343-56ce-91e5-68beb5ccd913	dg.4DFC/c2ef5bcd-b343-56ce-91e5-68beb5ccd913	Low pass WGS: Primary Tumor	bam	COTC021_1007_T.bam	9377255629	Whole Genome Sequence File	cbddf1cf50fd296469476a66488b7b9b	COTC021-1007-T
file	c324b892-7003-5dd6-aace-6f6ab9bcf7c9	dg.4DFC/c324b892-7003-5dd6-aace-6f6ab9bcf7c9	Low pass WGS: Primary Tumor	bai	COTC021_0631_T.bam.bai	3535624	Whole Genome Sequence File	f52188522b939b6466ed1f5626fd93a4	COTC021-0631-T
file	c39b03d0-9653-50a5-ba44-bc7b001a38b1	dg.4DFC/c39b03d0-9653-50a5-ba44-bc7b001a38b1	Low pass WGS: Primary Tumor	bam	COTC021_0713_T.bam	6361883784	Whole Genome Sequence File	43eba68f243fe20fc93cc1333cdec28c	COTC021-0713-T
file	c490c2aa-c8d0-5ee7-961a-7a99ffec2033	dg.4DFC/c490c2aa-c8d0-5ee7-961a-7a99ffec2033	Low pass WGS: Primary Tumor	bam	COTC021_2317_T.bam	6074096627	Whole Genome Sequence File	d7bf5563bdfd124ef104a57640e5fe5a	COTC021-2317-T
file	c5611322-c2c0-5055-be63-617329ba6ba3	dg.4DFC/c5611322-c2c0-5055-be63-617329ba6ba3	Low pass WGS: Primary Tumor	bai	COTC021_1003_T.bam.bai	2512152	Whole Genome Sequence File	63d1548de572f59b78f047683f156029	COTC021-1003-T
file	c57e8c7e-89f4-56c1-9d18-d1cc8f2c02d3	dg.4DFC/c57e8c7e-89f4-56c1-9d18-d1cc8f2c02d3	Low pass WGS: Primary Tumor	bai	COTC021_0307_T.bam.bai	2244144	Whole Genome Sequence File	525404bfd273776208956c8f23632f35	COTC021-0307-T
file	c61bb751-cd2c-5366-8df7-54439577b693	dg.4DFC/c61bb751-cd2c-5366-8df7-54439577b693	Low pass WGS: Primary Tumor	bam	COTC021_1419_T.bam	6914297897	Whole Genome Sequence File	8cd36c7f76c76f9f85b73232182cb472	COTC021-1419-T
file	c93fac73-ced9-5ef5-9c15-b40fb82e5476	dg.4DFC/c93fac73-ced9-5ef5-9c15-b40fb82e5476	Low pass WGS: Primary Tumor	bam	COTC021_0630_T.bam	9928205468	Whole Genome Sequence File	06deaf011c2e62ed2d2b6d1061495c7c	COTC021-0630-T
file	cadb079d-359d-51f2-9037-88512f0c3088	dg.4DFC/cadb079d-359d-51f2-9037-88512f0c3088	Low pass WGS: Primary Tumor	bai	COTC021_1713_T.bam.bai	7519016	Whole Genome Sequence File	1af6d003f1b2d30e8f476da5f0fde407	COTC021-1713-T
file	caefa77b-7b80-56e5-ad2a-9f35363f15d5	dg.4DFC/caefa77b-7b80-56e5-ad2a-9f35363f15d5	Low pass WGS: Primary Tumor	bai	COTC021_0314_T.bam.bai	2187664	Whole Genome Sequence File	dacd96dc40bd7571badde8405ecc39f8	COTC021-0314-T
file	d21c883a-2250-5c66-85aa-547a1e4a50ee	dg.4DFC/d21c883a-2250-5c66-85aa-547a1e4a50ee	Low pass WGS: Primary Tumor	bai	COTC021_2321_T.bam.bai	2200096	Whole Genome Sequence File	51ea18223c257d906392eba65f053b98	COTC021-2321-T
file	d2881b69-91c8-51da-b260-4258676a0750	dg.4DFC/d2881b69-91c8-51da-b260-4258676a0750	Low pass WGS: Primary Tumor	bai	COTC021_1904_T.bam.bai	2562880	Whole Genome Sequence File	82139d61e499fa728bd6a1d7f9308d10	COTC021-1904-T
file	d30b584a-8e27-52d8-bf83-af4b8f225590	dg.4DFC/d30b584a-8e27-52d8-bf83-af4b8f225590	Low pass WGS: Primary Tumor	bai	COTC021_0701_T.bam.bai	2401744	Whole Genome Sequence File	f04407e1101213c1b2626aacf2845cb1	COTC021-0701-T
file	d36961dc-ee86-5f5c-966f-7976fbb341f2	dg.4DFC/d36961dc-ee86-5f5c-966f-7976fbb341f2	Low pass WGS: Primary Tumor	bai	COTC021_0211_T.bam.bai	2242976	Whole Genome Sequence File	5fd0b654555097f6d6d26912741374d9	COTC021-0211-T
file	d5cb4d26-2dfa-57b8-8f10-5bd8f5203e4d	dg.4DFC/d5cb4d26-2dfa-57b8-8f10-5bd8f5203e4d	Low pass WGS: Primary Tumor	bai	COTC021_1001_T.bam.bai	3013288	Whole Genome Sequence File	3a5efade80d65857ca28403567aecded	COTC021-1001-T
file	da7cbef6-ebbb-52d6-8a8a-15bbd74d4d06	dg.4DFC/da7cbef6-ebbb-52d6-8a8a-15bbd74d4d06	Low pass WGS: Primary Tumor	bam	COTC021_0625_T.bam	7543938558	Whole Genome Sequence File	3849df09cee51ac03777b94bc280d671	COTC021-0625-T
file	db0e70df-ce16-544d-8670-29ce5eef1a24	dg.4DFC/db0e70df-ce16-544d-8670-29ce5eef1a24	Low pass WGS: Primary Tumor	bam	COTC021_1904_T.bam	7995266242	Whole Genome Sequence File	a9b50d2f2ae4219e7ed28de1300d503f	COTC021-1904-T
file	df480760-e8a1-59b7-a9ce-79a2c406844a	dg.4DFC/df480760-e8a1-59b7-a9ce-79a2c406844a	Low pass WGS: Primary Tumor	bai	COTC021_1907_T.bam.bai	2401040	Whole Genome Sequence File	450dba1bfc88e5daa35f8cc2c471d211	COTC021-1907-T
file	e5620cbc-9403-5f15-a7bd-a91330f11946	dg.4DFC/e5620cbc-9403-5f15-a7bd-a91330f11946	Low pass WGS: Primary Tumor	bai	COTC021_0105_T.bam.bai	2259040	Whole Genome Sequence File	d9e8acdf19c2068d9cc6f8cfc06d3802	COTC021-0105-T
file	e57ee91e-9c79-5103-94c9-495f2b7ef942	dg.4DFC/e57ee91e-9c79-5103-94c9-495f2b7ef942	Low pass WGS: Primary Tumor	bai	COTC021_0709_T.bam.bai	2504448	Whole Genome Sequence File	212374f372015fef457cd60c8d72e249	COTC021-0709-T
file	e6d08014-ee87-5ff3-91cd-2149f726fb90	dg.4DFC/e6d08014-ee87-5ff3-91cd-2149f726fb90	Low pass WGS: Primary Tumor	bai	COTC021_1417_T.bam.bai	2738176	Whole Genome Sequence File	735b57d993f99b9f4f95c4e2b8bf7844	COTC021-1417-T
file	e7f6dbfe-f8e1-5e76-92d3-70152c2cc496	dg.4DFC/e7f6dbfe-f8e1-5e76-92d3-70152c2cc496	Low pass WGS: Primary Tumor	bam	COTC021_0519_T.bam	7748185207	Whole Genome Sequence File	3f3fdcbd655ebe73a6e38db52b02ef3c	COTC021-0519-T
file	e8072b42-d73c-5e8a-8db3-a94fe6578934	dg.4DFC/e8072b42-d73c-5e8a-8db3-a94fe6578934	Low pass WGS: Primary Tumor	bam	COTC021_2009_T.bam	6790669050	Whole Genome Sequence File	d98932f5b055585df67f05530c06dc43	COTC021-2009-T
file	ece86122-305c-5ec8-9a00-9fd48c41f9e3	dg.4DFC/ece86122-305c-5ec8-9a00-9fd48c41f9e3	Low pass WGS: Primary Tumor	bai	COTC021_1005_T.bam.bai	7490360	Whole Genome Sequence File	ef996937fdc0119a4f0826a4bc4c8a7c	COTC021-1005-T
file	efde7eac-2835-5b79-91dc-62bd3f2e8394	dg.4DFC/efde7eac-2835-5b79-91dc-62bd3f2e8394	Low pass WGS: Primary Tumor	bai	COTC021_1909_T.bam.bai	2718744	Whole Genome Sequence File	dd9a06c304e19a5302dee4ce844f7780	COTC021-1909-T
file	f1e6220b-00d5-5b9f-a44a-e9d7ff21ec14	dg.4DFC/f1e6220b-00d5-5b9f-a44a-e9d7ff21ec14	Low pass WGS: Primary Tumor	bam	COTC021_0517_T.bam	7168806704	Whole Genome Sequence File	d671240e041986be45abf3d428fd779c	COTC021-0517-T
file	f40893a8-92e8-5621-85cf-2345c60cac87	dg.4DFC/f40893a8-92e8-5621-85cf-2345c60cac87	Low pass WGS: Primary Tumor	bai	COTC021_0630_T.bam.bai	4990448	Whole Genome Sequence File	0867b68c2516d498e0aeb1fb7325d9d9	COTC021-0630-T
file	f5050088-6268-55fa-b650-d7b073f41c8b	dg.4DFC/f5050088-6268-55fa-b650-d7b073f41c8b	Low pass WGS: Primary Tumor	bai	COTC021_2007_T.bam.bai	4041856	Whole Genome Sequence File	d60a2cc8cfd859826057f1ee4c24afb4	COTC021-2007-T
file	f6a9e9ae-e4a8-5616-b6e8-44d95499e059	dg.4DFC/f6a9e9ae-e4a8-5616-b6e8-44d95499e059	Low pass WGS: Primary Tumor	bam	COTC021_1909_T.bam	8090653888	Whole Genome Sequence File	3b85a6006473fde42de6633b0e1c8b12	COTC021-1909-T
file	f826f6d7-1d43-52f7-8373-aa180719cb03	dg.4DFC/f826f6d7-1d43-52f7-8373-aa180719cb03	Low pass WGS: Primary Tumor	bam	COTC021_0505_T.bam	7246187313	Whole Genome Sequence File	1c5cb729c184882b3102885f71b747e2	COTC021-0505-T
file	fc55173d-b92d-5616-8fc0-ed82875b9593	dg.4DFC/fc55173d-b92d-5616-8fc0-ed82875b9593	Low pass WGS: Primary Tumor	bam	COTC021_0815_T.bam	5779079723	Whole Genome Sequence File	3643762310bbb962353202c8ca78d092	COTC021-0815-T
file	fcc09cd9-2c55-56ea-af4e-248db1328d97	dg.4DFC/fcc09cd9-2c55-56ea-af4e-248db1328d97	Low pass WGS: Primary Tumor	bam	COTC021_1001_T.bam	8084755385	Whole Genome Sequence File	d934c1beb64f7e023f94799168b174ac	COTC021-1001-T
file	03bc44a0-f060-5e17-8d38-001b093b804b	dg.4DFC/03bc44a0-f060-5e17-8d38-001b093b804b	Deep WGS: Primary Tumor	bam	COTC021_1015_T.bam	97242179138	Whole Genome Sequence File	cc6c8c42cfa42c0f32ea68c5d63aa96a	COTC021-1015-T
file	055b17d9-6b21-587f-b4fa-2b6194098032	dg.4DFC/055b17d9-6b21-587f-b4fa-2b6194098032	Deep WGS: Primary Tumor	bam	COTC021_0201_T.bam	95755818781	Whole Genome Sequence File	d2057f67391f90839796af23d4a9d187	COTC021-0201-T
file	0752a8b9-1fd8-5819-aeea-22e132f11179	dg.4DFC/0752a8b9-1fd8-5819-aeea-22e132f11179	Deep WGS: Normal Tissue	bam	COTC021_1015_N.bam	25783187444	Whole Genome Sequence File	928c00aaf1105c0dec16d09635a0998c	COTC021-1015-N
file	08abb7d0-f9a8-5264-bb83-16afa20b9f6d	dg.4DFC/08abb7d0-f9a8-5264-bb83-16afa20b9f6d	Deep WGS: Normal Tissue	bai	COTC021_1805_N.bam.bai	7453096	Whole Genome Sequence File	7cf3db3911dcb801bb08378331308d44	COTC021-1805-N
file	0e7270ec-d309-59ea-b357-316520e01217	dg.4DFC/0e7270ec-d309-59ea-b357-316520e01217	Deep WGS: Normal Tissue	bam	COTC021_0203_N.bam	25769040305	Whole Genome Sequence File	f4b3ca329824649cc7d6d9847fd852b5	COTC021-0203-N
file	12c6adb4-181f-54c5-be53-d363f7200a89	dg.4DFC/12c6adb4-181f-54c5-be53-d363f7200a89	Deep WGS: Primary Tumor	bai	COTC021_0723_T.bam.bai	7719680	Whole Genome Sequence File	e1801dc9b122f263dd230c09f466f99d	COTC021-0723-T
file	130fd365-980e-5944-9861-799da848ea72	dg.4DFC/130fd365-980e-5944-9861-799da848ea72	Deep WGS: Primary Tumor	bai	COTC021_1103_T.bam.bai	7932544	Whole Genome Sequence File	37104e5e24b2e29701a909d7b5ab5a7b	COTC021-1103-T
file	14b99b92-d89b-5655-8f79-0dd69a143b4e	dg.4DFC/14b99b92-d89b-5655-8f79-0dd69a143b4e	Deep WGS: Primary Tumor	bam	COTC021_0722_T.bam	93264284196	Whole Genome Sequence File	fa700c0237b96ece3fc8b0922348d926	COTC021-0722-T
file	1fab5360-9260-5827-861b-b89d8a69cf46	dg.4DFC/1fab5360-9260-5827-861b-b89d8a69cf46	Deep WGS: Primary Tumor	bai	COTC021_0640_T.bam.bai	7769032	Whole Genome Sequence File	599c73aabb2bc34c65e25e3a657bf0b7	COTC021-0640-T
file	20edb7e7-56fa-54b7-a929-8697562f0383	dg.4DFC/20edb7e7-56fa-54b7-a929-8697562f0383	Deep WGS: Normal Tissue	bam	COTC021_0215_N.bam	25769045061	Whole Genome Sequence File	cfea2995946754e31de360112061488d	COTC021-0215-N
file	218dedce-a876-5934-927d-2a77c853d13e	dg.4DFC/218dedce-a876-5934-927d-2a77c853d13e	Deep WGS: Normal Tissue	bam	COTC021_0335_N.bam	29664461457	Whole Genome Sequence File	5bd0546a6c2d14da2353d612dafd2b3a	COTC021-0335-N
file	2478cbe5-c90e-577f-8dcd-d97a5d16791f	dg.4DFC/2478cbe5-c90e-577f-8dcd-d97a5d16791f	Deep WGS: Normal Tissue	bam	COTC021_0723_N.bam	26383663051	Whole Genome Sequence File	f877a0c9c81c9e571a1a27d0d1afdb00	COTC021-0723-N
file	296e52db-d43f-525e-bc9c-f8474749a7db	dg.4DFC/296e52db-d43f-525e-bc9c-f8474749a7db	Deep WGS: Normal Tissue	bai	COTC021_1703_N.bam.bai	7448112	Whole Genome Sequence File	ac84a06aad78bd0663967a5477ea6535	COTC021-1703-N
file	2b2789b9-dd43-589c-9643-4742ec3d9dc5	dg.4DFC/2b2789b9-dd43-589c-9643-4742ec3d9dc5	Deep WGS: Primary Tumor	bam	COTC021_0309_T.bam	1.19223E+11	Whole Genome Sequence File	cb0de2b923b0e2888b304ebded8f3042	COTC021-0309-T
file	2c8781e8-0d57-51dd-946d-460f57c5679e	dg.4DFC/2c8781e8-0d57-51dd-946d-460f57c5679e	Deep WGS: Primary Tumor	bai	COTC021_0201_T.bam.bai	7741784	Whole Genome Sequence File	45e50df866489d80e9b680afd9760a68	COTC021-0201-T
file	379a9436-7892-590a-9105-da5aa0c577f9	dg.4DFC/379a9436-7892-590a-9105-da5aa0c577f9	Deep WGS: Normal Tissue	bam	COTC021_0201_N.bam	24964959585	Whole Genome Sequence File	8ef19f199d064a372639b6d2d8f560bf	COTC021-0201-N
file	3c3c957e-f0b3-5648-aaf7-bddc2286f215	dg.4DFC/3c3c957e-f0b3-5648-aaf7-bddc2286f215	Deep WGS: Primary Tumor	bai	COTC021_0335_T.bam.bai	7798744	Whole Genome Sequence File	e54b9a76217a47ddb075c6ce82f56eec	COTC021-0335-T
file	3f47ee64-3e6f-5c66-807e-2e64e27286ad	dg.4DFC/3f47ee64-3e6f-5c66-807e-2e64e27286ad	Deep WGS: Primary Tumor	bai	COTC021_0309_T.bam.bai	7909424	Whole Genome Sequence File	3dcf29d26164b26508eba7e8b0408437	COTC021-0309-T
file	46428a20-0441-5913-8571-5662fe622e4d	dg.4DFC/46428a20-0441-5913-8571-5662fe622e4d	Deep WGS: Primary Tumor	bam	COTC021_0209_T.bam	94562679657	Whole Genome Sequence File	bac5a64fd367e270b8ababb08fe32371	COTC021-0209-T
file	490060d3-46e5-5099-98d2-975502052710	dg.4DFC/490060d3-46e5-5099-98d2-975502052710	Deep WGS: Normal Tissue	bam	COTC021_1805_N.bam	29825096279	Whole Genome Sequence File	d444b16cac72667f5d081386668230c1	COTC021-1805-N
file	4d80057f-206c-52fa-999d-3d3b4da0358e	dg.4DFC/4d80057f-206c-52fa-999d-3d3b4da0358e	Deep WGS: Normal Tissue	bam	COTC021_0309_N.bam	31361421616	Whole Genome Sequence File	2e21bcaf8f7190eeafbaa59c4b8a612d	COTC021-0309-N
file	524a54ec-fbce-5d7d-92a0-edd78fec1ab8	dg.4DFC/524a54ec-fbce-5d7d-92a0-edd78fec1ab8	Deep WGS: Normal Tissue	bai	COTC021_0725_N.bam.bai	7479928	Whole Genome Sequence File	4f971ce2dcf0c7043c6aa6f2e870f204	COTC021-0725-N
file	544e2998-1718-54e7-b5af-5cb5804ef7aa	dg.4DFC/544e2998-1718-54e7-b5af-5cb5804ef7aa	Deep WGS: Normal Tissue	bai	COTC021_0327_N.bam.bai	7475576	Whole Genome Sequence File	102ccfcf0fd03f76da41777e1d462761	COTC021-0327-N
file	56497d66-55b8-594a-a913-1722bf3d4fbc	dg.4DFC/56497d66-55b8-594a-a913-1722bf3d4fbc	Deep WGS: Normal Tissue	bai	COTC021_0215_N.bam.bai	7439080	Whole Genome Sequence File	f238aff4f5651ee9be164bdb5359dac3	COTC021-0215-N
file	56854e73-8f79-58b4-a1f0-143cbb0801c1	dg.4DFC/56854e73-8f79-58b4-a1f0-143cbb0801c1	Deep WGS: Primary Tumor	bam	COTC021_0723_T.bam	87583894615	Whole Genome Sequence File	f3fa63524e974e9e8ef6f56d2913f471	COTC021-0723-T
file	58345afe-5391-5ed7-b535-8b42f18e92a5	dg.4DFC/58345afe-5391-5ed7-b535-8b42f18e92a5	Deep WGS: Normal Tissue	bam	COTC021_0209_N.bam	25228470265	Whole Genome Sequence File	e3c7a870b54154f8d90257936f828649	COTC021-0209-N
file	5a812e07-938b-5c04-aff7-3ecd1986875a	dg.4DFC/5a812e07-938b-5c04-aff7-3ecd1986875a	Deep WGS: Normal Tissue	bam	COTC021_0305_N.bam	28443217617	Whole Genome Sequence File	854bd6854d01d04df700e390cfa8cf62	COTC021-0305-N
file	5b095e7b-492c-52da-b183-48f9a13fb1a9	dg.4DFC/5b095e7b-492c-52da-b183-48f9a13fb1a9	Deep WGS: Primary Tumor	bai	COTC021_0407_T.bam.bai	7767768	Whole Genome Sequence File	431d4f108a0266d1fc5d97e909d83fc5	COTC021-0407-T
file	5b476b7f-256c-5817-b9a7-932ee234227c	dg.4DFC/5b476b7f-256c-5817-b9a7-932ee234227c	Deep WGS: Normal Tissue	bai	COTC021_0335_N.bam.bai	7463608	Whole Genome Sequence File	3deaba2735b8479295f7f2f325374646	COTC021-0335-N
file	5b4b0c64-46d8-5c5b-9228-9a016473e51d	dg.4DFC/5b4b0c64-46d8-5c5b-9228-9a016473e51d	Deep WGS: Primary Tumor	bai	COTC021_1407_T.bam.bai	7727432	Whole Genome Sequence File	bf49ea9f0cd3d88b2f87341bc12307e3	COTC021-1407-T
file	5c9151f4-28ac-5d54-a141-243ec083001b	dg.4DFC/5c9151f4-28ac-5d54-a141-243ec083001b	Deep WGS: Normal Tissue	bam	COTC021_0640_N.bam	32386210256	Whole Genome Sequence File	d53b113124bfb865c786f36d2d918a71	COTC021-0640-N
file	5f016f05-c2c8-5508-94bc-15e8b0c2a3df	dg.4DFC/5f016f05-c2c8-5508-94bc-15e8b0c2a3df	Deep WGS: Normal Tissue	bam	COTC021_1703_N.bam	27432889452	Whole Genome Sequence File	00a503b320564c40d5e7172871ac06e8	COTC021-1703-N
file	6016f007-1437-5b84-9654-69825dbf3d1c	dg.4DFC/6016f007-1437-5b84-9654-69825dbf3d1c	Deep WGS: Normal Tissue	bam	COTC021_0327_N.bam	32873493594	Whole Genome Sequence File	6284d6b42191434437c231ad757ede1b	COTC021-0327-N
file	621760e4-749f-5a6d-b312-7975ff380127	dg.4DFC/621760e4-749f-5a6d-b312-7975ff380127	Deep WGS: Normal Tissue	bai	COTC021_1103_N.bam.bai	7424072	Whole Genome Sequence File	f87d71f1dd11b471bd8d9d555d520fa6	COTC021-1103-N
file	65f30c1d-345b-5d08-a5f5-1533f8059802	dg.4DFC/65f30c1d-345b-5d08-a5f5-1533f8059802	Deep WGS: Primary Tumor	bai	COTC021_0305_T.bam.bai	7806872	Whole Genome Sequence File	c780bc9a988ff3e4f79eee0501b5102e	COTC021-0305-T
file	67eae152-8cbb-5346-ad2c-d0757ec17dd3	dg.4DFC/67eae152-8cbb-5346-ad2c-d0757ec17dd3	Deep WGS: Normal Tissue	bai	COTC021_0407_N.bam.bai	7445072	Whole Genome Sequence File	88806ab04cdae6f857a47d60b3ad8b53	COTC021-0407-N
file	705007ae-9c54-5439-87fe-88d37c968eb7	dg.4DFC/705007ae-9c54-5439-87fe-88d37c968eb7	Deep WGS: Primary Tumor	bam	COTC021_0335_T.bam	1.07141E+11	Whole Genome Sequence File	de2f649b1af279a8b86c59c0827799f9	COTC021-0335-T
file	724b661e-7c30-5c36-a43f-1687283149b3	dg.4DFC/724b661e-7c30-5c36-a43f-1687283149b3	Deep WGS: Normal Tissue	bai	COTC021_0201_N.bam.bai	7431080	Whole Genome Sequence File	5cbbe6ccdb92abe03355cd23b1d65d87	COTC021-0201-N
file	73f0841e-ec8e-54a3-9fcf-0c647c02c7fc	dg.4DFC/73f0841e-ec8e-54a3-9fcf-0c647c02c7fc	Deep WGS: Primary Tumor	bam	COTC021_0327_T.bam	96722482562	Whole Genome Sequence File	4a3cbe4a96d7d6706fe13c75857f5e48	COTC021-0327-T
file	74655ea2-956e-5581-8c5b-85aaab7735d6	dg.4DFC/74655ea2-956e-5581-8c5b-85aaab7735d6	Deep WGS: Primary Tumor	bam	COTC021_0640_T.bam	97359121113	Whole Genome Sequence File	a6b73631bf5b6b289bd73a3d59c60574	COTC021-0640-T
file	7626dfd1-9234-5f4f-a3f3-96b9427cfc6c	dg.4DFC/7626dfd1-9234-5f4f-a3f3-96b9427cfc6c	Deep WGS: Primary Tumor	bam	COTC021_0215_T.bam	99062697983	Whole Genome Sequence File	f566e20c278a3a28e53d428b6fc98160	COTC021-0215-T
file	83fb01df-7406-575e-b48b-a4e1ecfca662	dg.4DFC/83fb01df-7406-575e-b48b-a4e1ecfca662	Deep WGS: Normal Tissue	bai	COTC021_0723_N.bam.bai	7430416	Whole Genome Sequence File	0db698eabd9cb2a8eeaeb498ebe5154a	COTC021-0723-N
file	87e13b08-1af1-5572-a52e-cbd57844d4ce	dg.4DFC/87e13b08-1af1-5572-a52e-cbd57844d4ce	Deep WGS: Normal Tissue	bai	COTC021_0209_N.bam.bai	7429136	Whole Genome Sequence File	f87ac3b59ea6c2844e5eec58b37bef0a	COTC021-0209-N
file	8dc8ef00-1fbf-5d0b-937a-2de23a9a8b51	dg.4DFC/8dc8ef00-1fbf-5d0b-937a-2de23a9a8b51	Deep WGS: Primary Tumor	bai	COTC021_0203_T.bam.bai	7829632	Whole Genome Sequence File	17c7120cb6ba2628d41f3a18f3f42eb7	COTC021-0203-T
file	950f9b74-a1dd-596a-a251-225e32e1d81b	dg.4DFC/950f9b74-a1dd-596a-a251-225e32e1d81b	Deep WGS: Normal Tissue	bai	COTC021_0309_N.bam.bai	7462808	Whole Genome Sequence File	820a1cab8ced9697922d1bc919bab06c	COTC021-0309-N
file	98448a28-35ce-5625-93a8-710fd8629ab4	dg.4DFC/98448a28-35ce-5625-93a8-710fd8629ab4	Deep WGS: Normal Tissue	bai	COTC021_0722_N.bam.bai	7464704	Whole Genome Sequence File	5f5b88cd0507902a367da94627b54f7d	COTC021-0722-N
file	9ae4ce58-f976-5980-b16b-59e5accc8deb	dg.4DFC/9ae4ce58-f976-5980-b16b-59e5accc8deb	Deep WGS: Primary Tumor	bai	COTC021_0209_T.bam.bai	7727480	Whole Genome Sequence File	6b600b611d2cb027c4cd855eddd6228a	COTC021-0209-T
file	9c156f67-e07d-53ad-8e6c-729413ad2387	dg.4DFC/9c156f67-e07d-53ad-8e6c-729413ad2387	Deep WGS: Primary Tumor	bam	COTC021_0725_T.bam	96228146543	Whole Genome Sequence File	14d5c5a5075f86adbb9928e7ba96b2bb	COTC021-0725-T
file	9e1bdeda-8fff-56d6-9a16-4844a6c8d8a8	dg.4DFC/9e1bdeda-8fff-56d6-9a16-4844a6c8d8a8	Deep WGS: Primary Tumor	bam	COTC021_0203_T.bam	1.1071E+11	Whole Genome Sequence File	42e99f0e0f85f35e4542b857151cd544	COTC021-0203-T
file	a51e3bd2-905f-574f-8dea-789918b83a98	dg.4DFC/a51e3bd2-905f-574f-8dea-789918b83a98	Deep WGS: Primary Tumor	bai	COTC021_1015_T.bam.bai	7738792	Whole Genome Sequence File	dea00f7afe08aee66684d7f377b2c456	COTC021-1015-T
file	a961a356-eb39-5902-b414-177760f7fa7c	dg.4DFC/a961a356-eb39-5902-b414-177760f7fa7c	Deep WGS: Normal Tissue	bai	COTC021_1407_N.bam.bai	7426264	Whole Genome Sequence File	cb98168cf97bdf1b600772749792f05a	COTC021-1407-N
file	a9f904bd-771c-5f2d-8061-cc9bdb0a5c6f	dg.4DFC/a9f904bd-771c-5f2d-8061-cc9bdb0a5c6f	Deep WGS: Normal Tissue	bai	COTC021_0305_N.bam.bai	7458552	Whole Genome Sequence File	a7f7d87c54bda72ef427be7e353c3719	COTC021-0305-N
file	ab865700-45ee-5519-a82a-7075d2709216	dg.4DFC/ab865700-45ee-5519-a82a-7075d2709216	Deep WGS: Primary Tumor	bai	COTC021_0215_T.bam.bai	7738616	Whole Genome Sequence File	65a7b00931e39b514f38bf97dbd05d84	COTC021-0215-T
file	abf81777-5aeb-5ca2-af10-6af0aa2420d8	dg.4DFC/abf81777-5aeb-5ca2-af10-6af0aa2420d8	Deep WGS: Primary Tumor	bam	COTC021_1805_T.bam	92414121047	Whole Genome Sequence File	28ce8a60f4cca2d30625bca50fcbdf45	COTC021-1805-T
file	b08e3fcd-104d-5f69-b89f-b6c402293f1f	dg.4DFC/b08e3fcd-104d-5f69-b89f-b6c402293f1f	Deep WGS: Primary Tumor	bam	COTC021_0305_T.bam	1.13803E+11	Whole Genome Sequence File	2b0b15cca9e8015e3c0402214221a5fe	COTC021-0305-T
file	b913d215-8e1e-57f7-90ab-b8779745adae	dg.4DFC/b913d215-8e1e-57f7-90ab-b8779745adae	Deep WGS: Normal Tissue	bam	COTC021_0407_N.bam	27501702555	Whole Genome Sequence File	232fe9bc1b89cc24f53c5154afbc33f2	COTC021-0407-N
file	ba996132-c931-55b5-b499-8195a54efc86	dg.4DFC/ba996132-c931-55b5-b499-8195a54efc86	Deep WGS: Primary Tumor	bai	COTC021_1805_T.bam.bai	7712056	Whole Genome Sequence File	0069645fa72e702f30731c7d5f75122b	COTC021-1805-T
file	be148fd1-90b7-5fff-ae83-83b2e818a4a4	dg.4DFC/be148fd1-90b7-5fff-ae83-83b2e818a4a4	Deep WGS: Normal Tissue	bam	COTC021_1103_N.bam	25393764565	Whole Genome Sequence File	ca642f90ac3b719eb4cef2297858a182	COTC021-1103-N
file	bf586904-d1cf-56c4-a1a2-d46efc002b70	dg.4DFC/bf586904-d1cf-56c4-a1a2-d46efc002b70	Deep WGS: Normal Tissue	bam	COTC021_1407_N.bam	25981874386	Whole Genome Sequence File	21c14ec2e21fc59e01e37fb9cbefb407	COTC021-1407-N
file	bf88f32a-a888-5e66-9c69-3311b483b916	dg.4DFC/bf88f32a-a888-5e66-9c69-3311b483b916	Deep WGS: Normal Tissue	bam	COTC021_0722_N.bam	30011371895	Whole Genome Sequence File	00897aed4a6e453aaa5e4411a319c016	COTC021-0722-N
file	c8867bbf-52f0-5601-95b9-2f2deaa3d410	dg.4DFC/c8867bbf-52f0-5601-95b9-2f2deaa3d410	Deep WGS: Primary Tumor	bam	COTC021_1407_T.bam	96443066148	Whole Genome Sequence File	998fda4d118bec0cd5ab69aec035dde4	COTC021-1407-T
file	ce2de2c7-3517-5426-a42a-6f15fcdd33a9	dg.4DFC/ce2de2c7-3517-5426-a42a-6f15fcdd33a9	Deep WGS: Primary Tumor	bai	COTC021_0722_T.bam.bai	7753456	Whole Genome Sequence File	a21ea3cc54b99bcae46fe9d4de2ee69f	COTC021-0722-T
file	d4839319-b68f-528a-a57d-4f2b6ab1ed62	dg.4DFC/d4839319-b68f-528a-a57d-4f2b6ab1ed62	Deep WGS: Normal Tissue	bai	COTC021_0203_N.bam.bai	7437800	Whole Genome Sequence File	7ecbf7857e0bd97691002a573ea092c9	COTC021-0203-N
file	d7eafde6-a9b3-5121-8fb4-6e8bc781ca12	dg.4DFC/d7eafde6-a9b3-5121-8fb4-6e8bc781ca12	Deep WGS: Primary Tumor	bai	COTC021_0725_T.bam.bai	7716920	Whole Genome Sequence File	932e4385d15745767d81d2324bb40249	COTC021-0725-T
file	d97b19fc-36d2-56d2-8537-609e398be68a	dg.4DFC/d97b19fc-36d2-56d2-8537-609e398be68a	Deep WGS: Primary Tumor	bai	COTC021_0327_T.bam.bai	7750008	Whole Genome Sequence File	f19eb93cce7a6a7d8f06842397e80452	COTC021-0327-T
file	dea29354-28ea-586c-9e3a-20bff4eb96a8	dg.4DFC/dea29354-28ea-586c-9e3a-20bff4eb96a8	Deep WGS: Normal Tissue	bai	COTC021_0640_N.bam.bai	7470392	Whole Genome Sequence File	cc21ddc0d74c37e672fa37fae557bcf4	COTC021-0640-N
file	df162ccb-a074-5b0d-8797-dc56f7d511d1	dg.4DFC/df162ccb-a074-5b0d-8797-dc56f7d511d1	Deep WGS: Normal Tissue	bam	COTC021_0725_N.bam	33789713061	Whole Genome Sequence File	5eeaefed41598bb21e3f3014dfd09d5c	COTC021-0725-N
file	e57e26bc-7b97-53a2-828b-213d48f0320f	dg.4DFC/e57e26bc-7b97-53a2-828b-213d48f0320f	Deep WGS: Primary Tumor	bam	COTC021_0407_T.bam	1.0534E+11	Whole Genome Sequence File	dfdbb840f7a3f695ee076a7068e3874b	COTC021-0407-T
file	ed1ba234-4bce-539f-a308-eb7dbef077d5	dg.4DFC/ed1ba234-4bce-539f-a308-eb7dbef077d5	Deep WGS: Normal Tissue	bai	COTC021_1015_N.bam.bai	7165872	Whole Genome Sequence File	b1596e955be92a7cb9dce1ca9c9b611e	COTC021-1015-N
file	ef45eb4e-87ad-5646-a9bb-7bd5a59a3e70	dg.4DFC/ef45eb4e-87ad-5646-a9bb-7bd5a59a3e70	Deep WGS: Primary Tumor	bam	COTC021_1703_T.bam	1.04739E+11	Whole Genome Sequence File	b548e2c8a344934c88112c0893e99d92	COTC021-1703-T
file	fd48021e-8496-5b32-a6b5-6d4462f3f235	dg.4DFC/fd48021e-8496-5b32-a6b5-6d4462f3f235	Deep WGS: Primary Tumor	bai	COTC021_1703_T.bam.bai	7785328	Whole Genome Sequence File	a998f3879099f94ca19fa71479b21df3	COTC021-1703-T
file	fef30838-330e-5dd6-aa19-5741b64df9ba	dg.4DFC/fef30838-330e-5dd6-aa19-5741b64df9ba	Deep WGS: Primary Tumor	bam	COTC021_1103_T.bam	1.34434E+11	Whole Genome Sequence File	2ee04bf886090f90fb3082b4dac30635	COTC021-1103-T